opponent,location,result,opening,moves,white_move_1,black_move_1,white_move_2,black_move_2,white_move_3,black_move_3,white_move_4,black_move_4,white_move_5,black_move_5,white_move_6,black_move_6,white_move_7,black_move_7,white_move_8,black_move_8,white_move_9,black_move_9,white_move_10,black_move_10
"McDonald, Neil R",Hastings,0.5,"Sicilian Defense: Taimanov Variation, Bastrikov Variation",1. e4 c5 2. Nf3 e6 3. d4 cxd4 4. Nxd4 Nc6 5. Nc3 Qc7 6. f4 a6 7. Be2 Nxd4 8. Qxd4 b5 9. Be3 Bb7 10. O-O Rc8 11. Rad1 Nf6 12. e5 Nd5 13. Nxd5 Bxd5 14. Bf3 Bc5 15. Qxc5 Qxc5 16. Bxc5,e4,c5,Nf3,e6,d4,cxd4,Nxd4,Nc6,Nc3,Qc7,f4,a6,Be2,Nxd4,Qxd4,b5,Be3,Bb7,O-O,Rc8
"Rowley, Robert",Hastings,1.0,"Sicilian Defense: Taimanov Variation, Bastrikov Variation",1. e4 c5 2. Nf3 e6 3. d4 cxd4 4. Nxd4 Nc6 5. Nc3 Qc7 6. g3 Nf6 7. Bg2 d6 8. O-O Bd7 9. Re1 Be7 10. Ndb5 Qb8 11. a4 O-O 12. Bf4 Ne5 13. Bg5 a6 14. Bxf6 Bxf6 15. Nxd6 Rd8 16. f4 Bc6 17. Nd5 Rxd6 18. fxe5 Bxe5 19. Ne7+ Kf8 20. Nxc6 bxc6 21. Qh5 Qxb2 22. Qxh7 Qb6+ 23. Kh1 Bxa1 24. e5 Bxe5 25. Qh8+ Ke7 26. Qxa8 Bxg3 27. hxg3 Rd8 28. a5 Qf2 29. Qb7+ Kf6 30. Qb2+ Kg6 31. Be4+ f5 32. Bxf5+ exf5 33. Re6+ Kh7 34. Qc1 Rd2,e4,c5,Nf3,e6,d4,cxd4,Nxd4,Nc6,Nc3,Qc7,g3,Nf6,Bg2,d6,O-O,Bd7,Re1,Be7,Ndb5,Qb8
Xie Jun,Thessaloniki,1.0,"Sicilian Defense: Taimanov Variation, Bastrikov Variation",1. e4 c5 2. Nf3 e6 3. d4 cxd4 4. Nxd4 Nc6 5. Nc3 Qc7 6. Be2 a6 7. O-O Nf6 8. Kh1 Nxd4 9. Qxd4 Bc5 10. Qd3 h5 11. f4 Ng4 12. Qg3 b5 13. Bxg4 hxg4 14. Qxg4 Bb7 15. Qe2 b4 16. Nd1 Ke7 17. Be3 Bxe3 18. Qxe3 Rh4 19. h3 Rah8 20. Kg1 g5 21. fxg5 Bxe4 22. Qf2 f5 23. gxf6+ Kf7 24. Qe3 Bxg2 25. Qg5 R4h7 26. Kxg2 Rg8 27. Qxg8+ Kxg8 28. Ne3 Qc6+ 29. Kg3 Qd6+ 30. Rf4 Rxh3+ 31. Kxh3 Qxf4 32. Ng4 e5 33. Rg1 Kf7 34. Rg2 Qf3+ 35. Kh2 d6 36. Rg3 Qf4 37. c3 bxc3 38. bxc3 Qd2+ 39. Kh3 Qxa2 40. Rf3 Qd2 41. Kh4 e4 42. Re3 Qg2 43. Kg5 Ke6 44. c4 a5 45. Kf4 Qf1+ 46. Kxe4 Qxc4+ 47. Kf3+ Kf5 48. Re5+ Kg6 49. Re7 Qd3+ 50. Kf4 Qf5+ 51. Kg3 Kh5 52. Rg7 a4 53. Rg8 Qd3+,e4,c5,Nf3,e6,d4,cxd4,Nxd4,Nc6,Nc3,Qc7,Be2,a6,O-O,Nf6,Kh1,Nxd4,Qxd4,Bc5,Qd3,h5
"Erenska Radzewska, Hanna",Thessaloniki,1.0,"Sicilian Defense: Taimanov Variation, Bastrikov Variation",1. e4 c5 2. Nf3 e6 3. d4 cxd4 4. Nxd4 Nc6 5. Nc3 Qc7 6. Be2 a6 7. O-O Nf6 8. Kh1 Nxd4 9. Qxd4 Bc5 10. Qd3 h5 11. f4 Ng4 12. e5 d6 13. exd6 Qxd6 14. Qxd6 Bxd6 15. Ne4 Be7 16. h3 Nf6 17. Bf3 Nd5 18. Bd2 Bd7 19. c4 Nb4 20. Rac1 Ba4 21. b3 Bc6 22. f5 exf5 23. Nc3 O-O-O 24. Bxc6 bxc6 25. Rxf5 f6 26. Re1 Rhe8 27. Re2 g6 28. Rf1 Nc2 29. Na4 Nd4 30. Ref2 Nf5 31. Bf4 h4 32. Kg1 Bb4 33. c5 Kb7 34. Bd6 Re4 35. Rxf5 gxf5 36. Rxf5 Re1+ 37. Kf2 Re6 38. Rh5 Be1+ 39. Kf3 Rd7 40. Rh8 Bg3 41. Rg8 a5 42. a3 Rh7 43. Rb8+ Ka7 44. Rd8 Rb7 45. Nb6 Ka6 46. Ra8+ Ra7 47. Rxa7+ Kxa7 48. Bxg3 hxg3 49. Nc4 Ka6 50. a4 Re1 51. Nd2 Rd1 52. Ke3 f5 53. Nf3 Rb1 54. Nd4 Rb2 55. Kf3 f4 56. Ne2 Rxb3+ 57. Kxf4 Rb4+ 58. Kxg3 Rxa4 59. h4 Re4 60. Nc1 Rc4 61. Ne2 a4,e4,c5,Nf3,e6,d4,cxd4,Nxd4,Nc6,Nc3,Qc7,Be2,a6,O-O,Nf6,Kh1,Nxd4,Qxd4,Bc5,Qd3,h5
"Polihroniade, Elisabeta",Thessaloniki,1.0,"Sicilian Defense: Taimanov Variation, Bastrikov Variation",1. e4 c5 2. Nf3 e6 3. d4 cxd4 4. Nxd4 Nc6 5. Nc3 Qc7 6. Be2 a6 7. f4 Nxd4 8. Qxd4 b5 9. Be3 Bb7 10. O-O-O Rc8 11. Rd2 Nf6 12. Bf3 Qa5 13. e5 Bc5 14. Qd3 Bxe3 15. Qxe3 b4 16. Bxb7 bxc3 17. Rd3 Ng4 18. Rxc3 Nxe3 19. Rxc8+ Ke7 20. Rxh8 Qxa2 21. g3 Nc4 22. Kd1 Qb1+ 23. Ke2 Qxc2+ 24. Kf3 Qb3+ 25. Kg4 Ne3+ 26. Kh4 Qxb7 27. Rg1 Qf3,e4,c5,Nf3,e6,d4,cxd4,Nxd4,Nc6,Nc3,Qc7,Be2,a6,f4,Nxd4,Qxd4,b5,Be3,Bb7,O-O-O,Rc8
"Nijboer, Friso",Amsterdam,1.0,"Sicilian Defense: Taimanov Variation, Bastrikov Variation",1. e4 c5 2. Nf3 e6 3. d4 cxd4 4. Nxd4 Nc6 5. Nc3 Qc7 6. Be2 a6 7. O-O Nf6 8. Kh1 Nxd4 9. Qxd4 Bc5 10. Qd3 h5 11. f4 Ng4 12. Nd1 b5 13. a4 b4 14. c4 Bb7 15. a5 O-O-O 16. Be3 Nxe3 17. Nxe3 g5 18. fxg5 Qe5 19. Bf3 Qxg5 20. Nd1 Qe5 21. Nf2 Bd6 22. g3 h4 23. c5 hxg3 24. Qxd6 Rxh2+ 25. Kg1 gxf2+ 26. Rxf2 Rg8+ 27. Bg2 Rh5 28. Rc1 Qh8 29. Rxf7 Rxg2+ 30. Kxg2 Qg8+ 31. Qg3 Bxe4+ 32. Kf2 Qxf7+ 33. Ke3 Bc6,e4,c5,Nf3,e6,d4,cxd4,Nxd4,Nc6,Nc3,Qc7,Be2,a6,O-O,Nf6,Kh1,Nxd4,Qxd4,Bc5,Qd3,h5
"Illescas Cordoba, Miguel",Amsterdam,0.0,"Sicilian Defense: Taimanov Variation, Bastrikov Variation",1. e4 c5 2. Nf3 e6 3. d4 cxd4 4. Nxd4 Nc6 5. Nc3 Qc7 6. f4 a6 7. Be2 Nxd4 8. Qxd4 b5 9. Be3 Bb7 10. O-O Rc8 11. Rfd1 Nf6 12. e5 Nd5 13. Nxd5 Bxd5 14. a4 Qb7 15. axb5 axb5 16. Ra7 Qb8 17. Qb6 Qxb6 18. Bxb6 Rb8 19. Be3 g5 20. fxg5 Bg7 21. Bf4 Bf8 22. Be3 Bg7 23. Bd4 h6 24. gxh6 Rxh6 25. Bf3 Bxf3 26. gxf3 Rc8 27. c3 Rg6+ 28. Kf2 Rh6 29. Kg3 Rg6+ 30. Kf2 Rh6 31. Kg2 Rg6+ 32. Kh1 Bf8 33. Rda1 f6 34. exf6 Rg5 35. f4 Rf5 36. Ra8 Rxa8 37. Rxa8+ Kf7 38. Ra7 Rxf4 39. Rxd7+ Kg6 40. Rd8 Kf7 41. Rd7+ Kg6 42. Kg2 Rf5 43. Rb7 e5 44. Be3 Rxf6 45. Rxb5 Kf5 46. Kf3 Rf7 47. Bf4 Bg7 48. Bg3 Rd7 49. Ke2 Ke4 50. Rb4+ Kf5 51. Rb5 Ke4 52. Rc5 Ra7 53. Rc4+ Kd5 54. Rg4 Bf6 55. Rg6 Bd8 56. Rg8 Bf6 57. Rf8 Be7 58. Rf5 Bd6 59. Kd3 Ra1 60. c4+ Ke6 61. Rh5 Rd1+ 62. Kc2 Rf1 63. c5 Bc7 64. b4 Rf7 65. b5,e4,c5,Nf3,e6,d4,cxd4,Nxd4,Nc6,Nc3,Qc7,f4,a6,Be2,Nxd4,Qxd4,b5,Be3,Bb7,O-O,Rc8
"Reeh, Oliver",Germany,0.5,"Sicilian Defense: Taimanov Variation, Bastrikov Variation",1. e4 c5 2. Nf3 e6 3. d4 cxd4 4. Nxd4 Nc6 5. Nc3 Qc7 6. f4 a6 7. Nxc6 bxc6 8. Bd3 d6 9. O-O Nf6 10. Kh1 Be7 11. Qe2 e5 12. fxe5 dxe5 13. Bc4 O-O 14. h3 Ne8 15. Be3 Nd6 16. Bd3 Nb5 17. Na4 Nd4 18. Qf2 c5 19. c3 Ne6 20. Bc4 Bd7 21. b3 Bb5 22. Nb2 Rad8 23. Rad1 Bxc4 24. Nxc4 Qc6 25. Rxd8 Bxd8 26. Qf5 Bc7 27. Rd1 g6 28. Qf3 f5 29. exf5 e4 30. Qg4 Rxf5 31. Nd2 Qd6 32. Bg1 Rf4 33. Nc4 Qc6 34. Qe2 Rf7 35. Ne3 Nf4 36. Qc4 Kg7 37. Nd5 Nh5 38. Bd4+ Kh6 39. Nxc7 Qxc7,e4,c5,Nf3,e6,d4,cxd4,Nxd4,Nc6,Nc3,Qc7,f4,a6,Nxc6,bxc6,Bd3,d6,O-O,Nf6,Kh1,Be7
"Sion Castro, Marcelino",Salamanca,0.0,Sicilian Defense: Taimanov Variation,1. e4 c5 2. Nf3 e6 3. d4 cxd4 4. Nxd4 Nc6 5. g3 Nf6 6. Bg2 Qc7 7. Nb5 Qb8 8. Bf4 e5 9. Bg5 a6 10. N5c3 d6 11. Bxf6 gxf6 12. Nd5 Be7 13. Nbc3 f5 14. Nb6 Ra7 15. Bh3 Nd4 16. Ncd5 Be6 17. c3 fxe4 18. cxd4 Bxh3 19. g4 f6 20. Rc1 Kf7 21. Rc7 Re8 22. Rg1,e4,c5,Nf3,e6,d4,cxd4,Nxd4,Nc6,g3,Nf6,Bg2,Qc7,Nb5,Qb8,Bf4,e5,Bg5,a6,N5c3,d6
"Kotronias, Vasilios",Corfu,1.0,"Sicilian Defense: Taimanov Variation, Bastrikov Variation",1. e4 c5 2. Nf3 e6 3. d4 cxd4 4. Nxd4 Nc6 5. Nc3 Qc7 6. Be2 a6 7. O-O Nf6 8. Kh1 Nxd4 9. Qxd4 Bc5 10. Qd3 h5 11. f4 Ng4 12. b4 Bxb4 13. Bb2 d6 14. Qd4 Bxc3 15. Bxc3 e5 16. fxe5 dxe5 17. Qa4+ Bd7 18. Qa3 Rc8 19. Bb4 Qxc2 20. Qf3 f5 21. Bd3 Qa4 22. Rab1 f4 23. g3 Qxa2 24. Be2 Bb5 25. Qb3 Qxb3 26. Bxb5+ axb5 27. Rxb3 fxg3 28. Rxg3 Rc4 29. Ra3 Rh6 30. Ra8+ Kd7 31. Rf7+ Kc6 32. Bd2 Rd6 33. Bg5 Rd1+ 34. Kg2 Rc2+ 35. Kh3 Rxh2+ 36. Kg3 Rg1+ 37. Kf3 Rf2#,e4,c5,Nf3,e6,d4,cxd4,Nxd4,Nc6,Nc3,Qc7,Be2,a6,O-O,Nf6,Kh1,Nxd4,Qxd4,Bc5,Qd3,h5
"Mainka, Romuald",Dortmund,0.0,"Sicilian Defense: Taimanov Variation, Bastrikov Variation",1. e4 c5 2. Nf3 e6 3. d4 cxd4 4. Nxd4 Nc6 5. Nc3 Qc7 6. g3 a6 7. Bg2 d6 8. O-O Be7 9. Re1 Bd7 10. Nxc6 Bxc6 11. Qg4 h5 12. Qe2 h4 13. a4 hxg3 14. hxg3 Nf6 15. Bd2 b6 16. Qc4 Qd7 17. Be3 Qb7 18. b4 Rc8 19. Qd4 Bd7 20. Ra3 e5 21. Qxb6 Qxb6 22. Bxb6 d5 23. Nxd5 Nxd5 24. exd5 Bxb4 25. Rxe5+ Kf8 26. Ra2 f6 27. Re3 a5 28. Bd4 Kf7 29. Bf1 Bc5 30. Bxc5 Rxc5 31. Rb2 Bxa4 32. Rb7+ Kg6 33. Bd3+ Kh6 34. Re4,e4,c5,Nf3,e6,d4,cxd4,Nxd4,Nc6,Nc3,Qc7,g3,a6,Bg2,d6,O-O,Be7,Re1,Bd7,Nxc6,Bxc6
"Illescas Cordoba, Miguel",Pamplona,1.0,"Sicilian Defense: Taimanov Variation, Bastrikov Variation",1. e4 c5 2. Nf3 e6 3. d4 cxd4 4. Nxd4 Nc6 5. Nc3 Qc7 6. g3 a6 7. Bg2 d6 8. O-O Bd7 9. Re1 Be7 10. Nxc6 Bxc6 11. a4 Nf6 12. Be3 O-O 13. a5 Nd7 14. Na4 Rae8 15. Nb6 f5 16. Nxd7 Qxd7 17. Bb6 f4 18. c3 Bd8 19. Bxd8 Rxd8 20. Qg4 Qf7 21. Qxf4 Qxf4 22. gxf4 Rxf4 23. Rad1 Kf7 24. Rd3 e5 25. Rf3 g5 26. Rd1 g4 27. Re3 Ke7 28. Rd2 h5 29. c4 h4 30. Rde2 Rc8 31. Rb3 h3 32. Bh1 Bb5 33. Rc2 d5 34. exd5 Rcxc4 35. Rxc4 Rxc4 36. Rc3 Rd4 37. Rc1 e4 38. Re1 Be2 39. Bg2 Bf3 40. Bf1 Kd6 41. Rb1 Rd2 42. Re1 Rxb2 43. Rb1 Ra2 44. Ra1 Rd2 45. Ra3 Ke5 46. d6 Rd1 47. d7 Bg2 48. f4+ Kxf4 49. Kf2 Rd2+,e4,c5,Nf3,e6,d4,cxd4,Nxd4,Nc6,Nc3,Qc7,g3,a6,Bg2,d6,O-O,Bd7,Re1,Be7,Nxc6,Bxc6
"Kindermann, Stefan",Munich,1.0,"Sicilian Defense: Taimanov Variation, Bastrikov Variation",1. e4 c5 2. Nf3 Nc6 3. d4 cxd4 4. Nxd4 Qc7 5. Nc3 e6 6. g3 a6 7. Bg2 d6 8. O-O Be7 9. Be3 Ne5 10. a4 Bf6 11. Qe2 Bd7 12. Rad1 Rc8 13. Bc1 Qb6 14. Nb3 Nc4 15. Rd3 Ne7 16. Kh1 Nc6 17. f4 Nb4 18. Rdf3 O-O 19. g4 g6 20. f5 exf5 21. gxf5 Bg7 22. f6 Bh8 23. Bh3 Bxh3 24. Rxh3 d5 25. Qf3 Rfe8 26. exd5 Qd6 27. Rh4 Nxc2 28. Qh3 N4e3 29. Rxh7 Bxf6 30. Ne4 Qxd5 31. Rxf6 Rxe4 32. Rh8+ Kg7 33. Rxf7+ Kxf7 34. Rh7+ Kf6,e4,c5,Nf3,Nc6,d4,cxd4,Nxd4,Qc7,Nc3,e6,g3,a6,Bg2,d6,O-O,Be7,Be3,Ne5,a4,Bf6
"Wahls, Matthias",Munich,1.0,Sicilian Defense: Godiva Variation,1. e4 c5 2. Nf3 Nc6 3. d4 cxd4 4. Nxd4 Qb6 5. Nb3 Nf6 6. Nc3 e6 7. Bd3 a6 8. f4 d5 9. e5 Nd7 10. Qg4 a5 11. a4 Qb4 12. O-O Ncxe5 13. Qe2 Nxd3 14. Qxd3 Nc5 15. Qg3 Nxb3 16. cxb3 Bc5+ 17. Kh1 O-O 18. f5 exf5 19. Nxd5 Qg4 20. Qc7 Qd4 21. Be3 Qxd5 22. Bxc5 Re8 23. b4 Re2 24. Qg3 Be6 25. Rad1 f4 26. Rxd5 fxg3 27. Rg5 axb4 28. Rxg3 b3 29. Bd4 g6 30. h3 h6 31. Bf6 Rxa4 32. Rd3 g5 33. Rd8+ Kh7 34. Rh8+ Kg6 35. Rg8+ Kh5 36. Rd8 g4 37. Rd3 Rae4 38. Kg1 gxh3 39. gxh3 R4e3 40. Rf3 Rxd3 41. Rxd3 Kg6 42. Bc3 Kf5 43. Rd4 b5 44. Kf1 Re3,e4,c5,Nf3,Nc6,d4,cxd4,Nxd4,Qb6,Nb3,Nf6,Nc3,e6,Bd3,a6,f4,d5,e5,Nd7,Qg4,a5
"Tolnai, Tibor",Budapest,1.0,Sicilian Defense: Godiva Variation,1. e4 c5 2. Nf3 Nc6 3. d4 cxd4 4. Nxd4 Qb6 5. Nb3 Nf6 6. Nc3 e6 7. Be3 Qc7 8. Bd3 a6 9. Qe2 b5 10. O-O-O Bb7 11. f4 Bb4 12. Bd2 Bxc3 13. Bxc3 Qxf4+ 14. Kb1 b4 15. Rhf1 Qg4 16. Bxf6 Qxe2 17. Bxe2 gxf6 18. Nc5 Bc8 19. Rxf6 Rg8 20. Rf2 Ke7 21. g3 a5 22. Rdf1 Rf8 23. Rf6 d6 24. Nd3 Nd4 25. Bh5 Nf5 26. Rxf7+ Rxf7 27. Bxf7 Kxf7 28. exf5 exf5 29. Nf4 Bb7 30. Rd1 Rd8 31. Rd4 Be4 32. Rc4 Rd7 33. Kc1 Kf6 34. Rc8 Rb7 35. Kd2 a4 36. Rf8+ Ke7 37. Rh8 Kf6 38. Rf8+ Ke5 39. Re8+ Kd4 40. Re6 Kc5 41. Re8 Kd4 42. Re6 Kc5 43. Re8 Kb5 44. Ne6 a3 45. b3 h5 46. Rc8 h4 47. Nd4+ Ka5 48. Rf8 hxg3 49. hxg3 Rc7 50. Rd8 Rc3 51. Rxd6 Rxg3,e4,c5,Nf3,Nc6,d4,cxd4,Nxd4,Qb6,Nb3,Nf6,Nc3,e6,Be3,Qc7,Bd3,a6,Qe2,b5,O-O-O,Bb7
"Frolov, Artur",Budapest,0.5,"Sicilian Defense: Taimanov Variation, Bastrikov Variation, English Attack",1. e4 c5 2. Nf3 e6 3. d4 cxd4 4. Nxd4 Nc6 5. Nc3 Qc7 6. Be3 a6 7. Qd2 b5 8. f3 Bb7 9. O-O-O Bb4 10. a3 Be7 11. Nxc6 Bxc6 12. Nd5 Bxd5 13. exd5 Rc8 14. dxe6 dxe6 15. Bf4 Qc6 16. Bd3 Nf6 17. Be5 Qd5 18. Rhe1 O-O 19. Kb1 Rfd8 20. Qg5 Qc5 21. c3 Rd5 22. Bc2 Rcd8 23. Rxd5 Rxd5 24. Qe3 Qxe3 25. Rxe3 Rd2 26. g4 Nd5 27. Rd3 Re2 28. Bg3 h5 29. gxh5 Bg5 30. Bb3 Nf4 31. Rd6 Nxh5 32. Rxa6 Re3 33. Rb6 Nxg3 34. Rxb5 Re1+ 35. Ka2 Nf5 36. Bc2 g6 37. a4 Be3 38. Bxf5 exf5 39. a5 Rf1 40. c4 Rxf3,e4,c5,Nf3,e6,d4,cxd4,Nxd4,Nc6,Nc3,Qc7,Be3,a6,Qd2,b5,f3,Bb7,O-O-O,Bb4,a3,Be7
"Larsen, Bent",Buenos Aires,0.0,Sicilian Defense: Godiva Variation,1. e4 c5 2. Nf3 Nc6 3. d4 cxd4 4. Nxd4 Qb6 5. Nb3 Nf6 6. Nc3 e6 7. Bd3 a6 8. O-O d6 9. a4 Qc7 10. a5 Nd7 11. Bf4 Be7 12. Qd2 O-O 13. Rfd1 b5 14. axb6 Qxb6 15. Be2 Nc5 16. Nxc5 dxc5 17. Na4 Qa7 18. Be3 Rd8 19. Qc1 Rxd1+ 20. Qxd1 Bb7 21. c3 Rd8 22. Qc2 Ne5 23. Rd1 Nd7 24. b4 Qa8 25. Nxc5 Bxc5 26. bxc5 Bxe4 27. Qa4 Bc6 28. Qxa6 Qxa6 29. Bxa6 Ra8 30. Be2 Kf8 31. Bf3 Bxf3 32. gxf3 Ne5 33. Kg2 Rc8 34. f4 Nc4 35. Bd4 f6 36. Rb1 Kf7 37. Rb4 Na5 38. Kf3 Rc7 39. Ke4 Nc6 40. Rb1 Ke7 41. Kd3 Kd7 42. Rg1 Kc8 43. h4 Rd7 44. Ke4 f5+ 45. Kd3 g6 46. Re1 Re7 47. Kc4 Re8 48. Ra1 Kd7 49. Be5 h6 50. Bd6 Rg8 51. Rg1 Kc8 52. Kb5 Kb7 53. Re1 Re8 54. Rb1 Rc8 55. Kc4+ Ka7 56. Rg1 Rg8 57. h5 g5 58. fxg5 hxg5 59. h6 g4 60. Ra1+ Kb7 61. Rb1+ Ka7 62. Rb6,e4,c5,Nf3,Nc6,d4,cxd4,Nxd4,Qb6,Nb3,Nf6,Nc3,e6,Bd3,a6,O-O,d6,a4,Qc7,a5,Nd7
"Gurevich, Ilya",Hastings,0.5,Sicilian Defense: Godiva Variation,1. e4 c5 2. Nf3 Nc6 3. d4 cxd4 4. Nxd4 Qb6 5. Nb3 Nf6 6. Nc3 e6 7. Bd3 a6 8. O-O Qc7 9. a4 b6 10. f4 d6 11. Be3 Bb7 12. Qe2 Be7 13. Nd2 d5 14. e5 Nd7 15. Nf3 g6 16. Qf2 Nc5 17. Rfd1 O-O-O 18. Nd4 Nb4 19. a5 bxa5 20. Na4 Nxa4 21. Rxa4 Kb8 22. Bf1 g5 23. fxg5 Rhg8 24. c3 Nc6 25. Nxc6+ Qxc6 26. Rxa5 d4 27. Rxd4 Rxd4 28. Bxd4 Bxg5 29. b4 Bh4 30. Qb2 Qe4 31. Ra1 Bg5 32. Qe2 Qc6 33. Rb1 Qd5 34. b5 a5 35. Rd1 Qb3 36. Ra1 Bd8 37. Qa2 Qxa2 38. Rxa2 Bd5 39. Ra3 Kb7 40. Kf2 Rg4 41. g3 Bb6 42. Bd3 h6 43. Ke3 Bxd4+ 44. cxd4 Kb6 45. Be2 Rg8 46. Kd2 Ra8 47. Kc3 Rc8+ 48. Kb2 f6 49. exf6,e4,c5,Nf3,Nc6,d4,cxd4,Nxd4,Qb6,Nb3,Nf6,Nc3,e6,Bd3,a6,O-O,Qc7,a4,b6,f4,d6
"Romero Holmes, Alfonso",Madrid,0.5,Sicilian Defense: Taimanov Variation,1. e4 c5 2. Nf3 Nc6 3. Nc3 e6 4. d4 cxd4 5. Nxd4 a6 6. Nxc6 bxc6 7. e5 Qc7 8. Bf4 Ne7 9. Bd3 Ng6 10. Bxg6 hxg6 11. O-O c5 12. Qe2 Rb8 13. b3 Bb7 14. Ne4 Rh4 15. g3 Rh5 16. Rad1 Rxe5 17. Bxe5 Qxe5 18. Qd3 d5 19. Rfe1 Qc7 20. Ng5 Qc6 21. Qf3 Qd7 22. Qf4 Rc8 23. c3 Rc6 24. Rxd5 Qc7 25. Qxc7 Rxc7 26. Rd2 c4 27. b4 Be7 28. f4 Bd5 29. Kf2 a5 30. a3 axb4 31. axb4 Ra7 32. Nf3 Ra3 33. Rc2 Bxb4 34. cxb4 Rxf3+ 35. Ke2 Rb3 36. Kd2 Rxb4 37. Re3 Ke7 38. Re1 Kd6 39. Rc3 Kc5 40. Ke3 Rb2 41. Re2 Rb1 42. Rec2 Rf1 43. Rc1 Rf3+ 44. Ke2 Rxc3 45. Rxc3 Kd4 46. Ra3 e5 47. fxe5 g5 48. g4 Kxe5 49. Ke3 g6 50. Ra6 f5 51. Kd2 Kd4 52. gxf5 gxf5 53. h4 c3+ 54. Kc1 gxh4 55. Rh6 f4 56. Rxh4 Ke3 57. Rxf4,e4,c5,Nf3,Nc6,Nc3,e6,d4,cxd4,Nxd4,a6,Nxc6,bxc6,e5,Qc7,Bf4,Ne7,Bd3,Ng6,Bxg6,hxg6
"Yudasin, Leonid",Madrid,0.0,Sicilian Defense: Godiva Variation,1. e4 c5 2. Nf3 Nc6 3. d4 cxd4 4. Nxd4 Qb6 5. Nb5 a6 6. Be3 Qa5+ 7. N5c3 e6 8. Bd3 b5 9. Nd2 Qc7 10. O-O Nf6 11. f4 b4 12. Na4 Rb8 13. Qe2 Qa5 14. Nc4 Qxa4 15. b3 Qb5 16. Nd6+ Bxd6 17. Bxb5 Rxb5 18. e5 Nxe5 19. Rad1 Nd5 20. a4 bxa3 21. Bd2 Ng6 22. c4 Bc5+ 23. Kh1 Ndxf4 24. Bxf4 Rxb3 25. Bd6 Bxd6 26. Rxd6 O-O 27. Rd3 Rb2 28. Rd2 Rb4 29. Ra2 a5 30. Rxa3 Ba6 31. Rxa5 Bxc4 32. Qd2 Rfb8 33. Rc1 d5 34. h3 h5 35. Ra7 e5 36. Qf2 Nf4 37. Qc5 Bd3 38. Qe7 Bg6 39. Rc6 Rb1+ 40. Kh2 Rf1 41. Qxe5 Rf8 42. Qe7 Bf5 43. Rd6 Ng6 44. Qe2 Rc1 45. Qxh5 Be4 46. Ra2 Rf1 47. Qg5 Rf5 48. Qg3 Rf1 49. Rd7 Nf4 50. Rb2 Rc8 51. Rxf7 Kxf7 52. Rb7+ Ke6 53. Qxg7 Bxg2 54. Qg4+ Ke5 55. Re7+ Kd4 56. Qxc8 Be4 57. Ra7 Rf2+ 58. Kg3 Rf3+ 59. Kg4 Nd3 60. Qh8+ Ne5+ 61. Kh4 Rf4+ 62. Kg3 Rf3+ 63. Kh2 Rf2+ 64. Kg1 Rf5 65. Re7 Rg5+ 66. Kf2 Rf5+ 67. Kg3 Rg5+ 68. Kh4 Rf5 69. Rxe5,e4,c5,Nf3,Nc6,d4,cxd4,Nxd4,Qb6,Nb5,a6,Be3,Qa5+,N5c3,e6,Bd3,b5,Nd2,Qc7,O-O,Nf6
"Gurevich, Ilya",New York,0.5,Sicilian Defense: Godiva Variation,1. e4 c5 2. Nf3 Nc6 3. d4 cxd4 4. Nxd4 Qb6 5. Nb5 a6 6. Be3 Qd8 7. N5a3 b5 8. c4 b4 9. Nc2 Nf6 10. Nd2 Bb7 11. f4 d6 12. Qf3 g6 13. O-O-O Bg7 14. e5 dxe5 15. fxe5 Nd7 16. e6 fxe6 17. Nb3 Qc7 18. Qh3 Bc8 19. Be2 Nf6 20. Bh6 O-O 21. Bxg7 Kxg7 22. Qe3 Rb8 23. Rhe1 e5 24. Bf3 Bf5 25. Nc5 Qb6 26. h3 Kg8 27. Nb3 Qxe3+ 28. Nxe3 Be4 29. Bxe4 Nxe4 30. Nd5 Ng3 31. Nc5 Rbc8 32. Nd7 Rf7 33. b3 Rf2 34. Rd2 Rxd2 35. Kxd2 e6,e4,c5,Nf3,Nc6,d4,cxd4,Nxd4,Qb6,Nb5,a6,Be3,Qd8,N5a3,b5,c4,b4,Nc2,Nf6,Nd2,Bb7
"Romero Holmes, Alfonso",Oviedo,1.0,"Sicilian Defense: Taimanov Variation, Bastrikov Variation",1. e4 c5 2. Nc3 Nc6 3. Nf3 e6 4. d4 cxd4 5. Nxd4 Qc7 6. g3 a6 7. Bg2 d6 8. O-O Nf6 9. Re1 Rb8 10. b3 Be7 11. Nxc6 bxc6 12. Na4 O-O 13. c4 c5 14. Bb2 Nd7 15. f4 Bb7 16. Qd2 Bc6 17. Nc3 Bf6 18. Nd1 Bxb2 19. Nxb2 Rbd8 20. Rad1 Nb8 21. f5 Qe7 22. Nd3 e5 23. Nf2 Bb7 24. Ng4 f6 25. Ne3 Nc6 26. Nd5 Qf7 27. Rf1 Nd4 28. Rf2 Ra8 29. Nc3 a5 30. Nb5 Rfd8 31. Qd3 a4 32. Nxd4 exd4 33. b4 a3 34. Rb1 Ra4 35. bxc5 dxc5 36. e5 Bxg2 37. e6 Qc7 38. Kxg2 Qc6+ 39. Kh3 Kf8 40. Rb5 Ke7 41. Qb1 Ra7 42. Rb6 Qc7 43. Rd2 Rd6 44. Rb5 Qc6 45. Rd3 Rd8 46. Rdb3 Rc7 47. Rb6 Qa4 48. Rb7 Rc8 49. Rxc7+ Rxc7 50. Rb7 Qc6 51. Qb5 Qxb7,e4,c5,Nc3,Nc6,Nf3,e6,d4,cxd4,Nxd4,Qc7,g3,a6,Bg2,d6,O-O,Nf6,Re1,Rb8,b3,Be7
"Adams, Michael",Roquebrune,1.0,"Sicilian Defense: Taimanov Variation, Bastrikov Variation",1. e4 c5 2. Nf3 e6 3. d4 cxd4 4. Nxd4 Nc6 5. Nc3 Qc7 6. g3 a6 7. Bg2 Nf6 8. O-O d6 9. Re1 Rb8 10. b3 Be7 11. Bb2 O-O 12. Qd2 Nxd4 13. Qxd4 b5 14. Rac1 Bb7 15. Nd1 Rfd8 16. Ne3 Qc5 17. e5 dxe5 18. Qxc5 Bxc5 19. Bxe5 Bxg2 20. Bxb8 Bf3 21. Be5 Ne4 22. c4 f6 23. cxb5 fxe5 24. bxa6 Ra8 25. Rc2 Rxa6 26. Nc4 Bd4 27. h4 Kf7 28. Nxe5+ Bxe5 29. Re3 Bg4 30. Rxe4 Bf5 31. Rec4 Bxc2 32. Rxc2 Kf6 33. Kg2 Bd4 34. a4 Rb6 35. Rd2 e5 36. Rd3 h5 37. f4 Rc6 38. Kf3 Kf5 39. fxe5 Kxe5 40. g4 Rf6+ 41. Kg3 Ke4 42. Rd2 Rf3+ 43. Kg2 hxg4 44. b4 Be5 45. Rc2 Rg3+ 46. Kf2 Rh3 47. Rc4+ Kf5 48. a5 Rh2+ 49. Kg1 Ra2 50. h5 g3 51. Kf1 Bf4 52. Rc3 Ke4,e4,c5,Nf3,e6,d4,cxd4,Nxd4,Nc6,Nc3,Qc7,g3,a6,Bg2,Nf6,O-O,d6,Re1,Rb8,b3,Be7
"Anand, Viswanathan",Roquebrune,0.5,Sicilian Defense: Godiva Variation,1. e4 c5 2. Nf3 Nc6 3. d4 cxd4 4. Nxd4 Qb6 5. Nb3 Nf6 6. Nc3 e6 7. Bd3 a6 8. O-O Qc7 9. Kh1 b5 10. f4 d6 11. Be3 Be7 12. a4 b4 13. Nb1 e5 14. N1d2 Ng4 15. Bg1 exf4 16. Rxf4 Nce5 17. Be2 h5 18. a5 Bg5 19. Rf1 Be3 20. Bxg4 Bxg4 21. Nf3 Bxg1 22. Kxg1 Nxf3+ 23. gxf3 Bh3 24. Rf2 O-O 25. Qd5 g6 26. Nd4 Rae8 27. Kh1 Re5 28. Qc6 Rxa5 29. Rd1 Rc8 30. Qxc7 Rxc7 31. Rfd2 Re5 32. Ra1 d5 33. Ra5 Rd7 34. Nb3 f6 35. Raxd5 Rdxd5 36. Rxd5 Rxd5 37. exd5 Kf7 38. c4 bxc3 39. bxc3 Ke7 40. Kg1 Kd6 41. c4 Bf5 42. Kf2 Bc2 43. Na5 Kc5 44. Ke3 Kb4 45. d6 Bf5 46. Nc6+ Kc5 47. Nb8 Kxd6 48. Nxa6,e4,c5,Nf3,Nc6,d4,cxd4,Nxd4,Qb6,Nb3,Nf6,Nc3,e6,Bd3,a6,O-O,Qc7,Kh1,b5,f4,d6
"Piket, Jeroen",Roquebrune,1.0,Trompowsky Attack,1. d4 Nf6 2. Bg5 g6 3. Bxf6 exf6 4. e3 Bg7 5. h4 b6 6. h5 Bb7 7. Ne2 d6 8. c3 Nd7 9. Nd2 f5 10. Nf4 Qe7 11. Qb3 Nf6 12. Bc4 c6 13. h6 Bf8 14. d5 c5 15. Bb5+ Kd8 16. Bc6 Ng4 17. Nc4 Rb8 18. Bxb7 Rxb7 19. a4 a6 20. Kf1 Bxh6 21. Re1 Re8 22. Nd3 Bg5 23. Rxh7 Nf6 24. Rh3 Ne4 25. Rd1 Bf6 26. Qc2 Ng5 27. Rh1 Kc7 28. Nf4 Qe4 29. Qe2 Rbb8 30. Ne6+ Nxe6 31. f3 Nf4 32. fxe4 Nxe2 33. Kxe2 Rxe4 34. Nd2 Re7 35. Kf3 Rbe8 36. Nf1 Re4 37. Rh7 R8e7 38. Ra1 Bg5 39. Re1 Rxa4 40. Ng3 f4 41. exf4 Rxf4#,d4,Nf6,Bg5,g6,Bxf6,exf6,e3,Bg7,h4,b6,h5,Bb7,Ne2,d6,c3,Nd7,Nd2,f5,Nf4,Qe7
"Magem Badals, Jorge",Dos Hermanas,1.0,"Sicilian Defense: Taimanov Variation, Bastrikov Variation",1. e4 c5 2. Nf3 e6 3. d4 cxd4 4. Nxd4 Nc6 5. Nc3 Qc7 6. Be2 a6 7. O-O Nf6 8. Be3 Be7 9. f4 d6 10. a4 O-O 11. Kh1 Bd7 12. Bf3 Rab8 13. Qe1 Na5 14. Qg3 Nc4 15. Bc1 b5 16. axb5 axb5 17. b3 e5 18. fxe5 Nxe5 19. Bh6 Ng6 20. Bd2 Qc5 21. Nce2 Rfe8 22. Qf2 Ne5 23. Nf4 Ra8 24. Nd3 Qc7 25. Bb4 Bf8 26. Qg3 Rxa1 27. Rxa1 Qb6 28. Bc3 g6 29. Re1 Bg7 30. Qf2 Rc8 31. Bb2 Nfg4 32. Bxg4 Nxg4 33. Qg1 Qa5 34. h3 Ne5 35. Qf2 Rf8 36. Nf4 Kh8 37. Nd5 Qa2 38. Bc3 Nd3 39. Qg3 Nxe1 40. Qxe1 Rc8 41. Qd1 Qa7 42. Ne2 Be6 43. Bxg7+ Kxg7 44. Nef4 Ra8 45. Kh2 Qa1,e4,c5,Nf3,e6,d4,cxd4,Nxd4,Nc6,Nc3,Qc7,Be2,a6,O-O,Nf6,Be3,Be7,f4,d6,a4,O-O
"Lobron, Eric",Groningen,0.0,Trompowsky Attack,1. d4 Nf6 2. Bg5 c5 3. Bxf6 gxf6 4. d5 Qb6 5. Qc1 f5 6. g3 c4 7. Bg2 Na6 8. c3 h5 9. Nf3 Nc7 10. Na3 Nxd5 11. Nxc4 Qc5 12. Nce5 Nf6 13. O-O e6 14. c4 d6 15. Nd3 Qc7 16. Rd1 Bd7 17. Qc3 Rh6 18. Rac1 Ne4 19. Qc2 Rc8 20. Nd2 Bc6 21. Nf4 h4 22. Nxe4 fxe4 23. Bxe4 hxg3 24. hxg3 f5 25. Bxc6+ Qxc6 26. f3 b5 27. b3 d5 28. Kg2 bxc4 29. bxc4 dxc4 30. Qd2 Rh7 31. Qe3 Kf7 32. Rd4 Bc5 33. Rdxc4 Bxe3 34. Rxc6 Rd8 35. Rc7+ Kg8 36. Rc8 Rd7 37. Nxe6 Rxc8 38. Rxc8+ Kf7 39. Nd8+ Kg6 40. Rc6+ Kh7 41. Re6 f4 42. gxf4 Rg7+ 43. Kh3 Bxf4 44. Re4 Rg3+ 45. Kh4 Bd6 46. Nf7,d4,Nf6,Bg5,c5,Bxf6,gxf6,d5,Qb6,Qc1,f5,g3,c4,Bg2,Na6,c3,h5,Nf3,Nc7,Na3,Nxd5
"Ivanchuk, Vassily",Monte Carlo,0.0,"Sicilian Defense: Taimanov Variation, Bastrikov Variation, English Attack",1. e4 c5 2. Nc3 Nc6 3. Nge2 e6 4. d4 cxd4 5. Nxd4 Qc7 6. Be3 a6 7. Bd3 Nf6 8. O-O Bd6 9. Nxc6 dxc6 10. f4 e5 11. f5 b5 12. a4 Rb8 13. Kh1 O-O 14. Rf3 Rd8 15. Rh3 h6 16. axb5 axb5 17. Qe1 Be7 18. Qg3 Kf8 19. Bxh6 gxh6 20. Rxh6 Ke8 21. Qg7 Qd6 22. Rh8+ Kd7 23. Rxd8+ Bxd8 24. Bxb5 cxb5 25. Rd1 Qxd1+ 26. Nxd1 Ke7 27. Nf2 Bb7 28. Qg5 Ra8 29. h3 Kf8 30. Qh6+ Ke8 31. Qh8+ Ke7 32. Qh4 Kd6 33. Qh6 Ke7 34. Qh4 Ra6 35. Ng4 b4 36. Kh2 Ke8 37. Qh8+ Kd7 38. Nxe5+ Ke7 39. Qg7 Bc7 40. Qxf7+ Kd8 41. Kg1 Ra1+ 42. Kf2 Nxe4+ 43. Ke2 Ng3+ 44. Kd2 Nf1+ 45. Ke2 Ba6+ 46. Nd3 Ng3+ 47. Ke3 Bb6+ 48. Kf4 Nxf5 49. Qg8+ Kc7 50. Kxf5 Rf1+ 51. Kg4 Bc8+ 52. Kh4 Kb8 53. Qe8 Rf5 54. g4 Rf3 55. Nxb4 Bf2+ 56. Kg5 Be3+ 57. Kg6 Rxh3 58. Nd5 Bd4 59. Ne7 Rh8 60. Qb5+ Bb7 61. Nc6+ Kc7 62. Nxd4 Rg8+ 63. Kf7 Rxg4 64. Ne6+ Kb8 65. Nc5 Rf4+ 66. Kg7 Rg4+ 67. Kh6,e4,c5,Nc3,Nc6,Nge2,e6,d4,cxd4,Nxd4,Qc7,Be3,a6,Bd3,Nf6,O-O,Bd6,Nxc6,dxc6,f4,e5
Comp Deep Blue,New York,0.0,"Sicilian Defense: Taimanov Variation, Bastrikov Variation",1. e4 c5 2. Nf3 e6 3. d4 cxd4 4. Nxd4 Nc6 5. Nc3 Qc7 6. Be2 a6 7. O-O Bb4 8. Nxc6 bxc6 9. Qd4 Bd6 10. Qxg7 Bxh2+ 11. Kh1 Be5 12. Bf4 Bxg7 13. Bxc7 d5 14. Rad1 Ne7 15. Na4 Ra7 16. Bd6 Ra8 17. c3 Ng6 18. Bc7 Ra7 19. Bb8 Rb7 20. Bg3 O-O 21. exd5 cxd5 22. Rfe1 f5 23. Bd6 Rd8 24. Ba3 Rc7 25. Bb4 Rc6 26. Ba5 Rf8 27. Bb6 Rf7 28. Kg1 Bf8 29. b3 Bb7 30. Bh5 Re7 31. Kf1 Kf7 32. c4 Rc8 33. Ba5 dxc4 34. Nb6 Rb8 35. Nd7 Rc8 36. Bb4 cxb3 37. Nxf8 Rxf8 38. axb3 Rb8 39. Bxe7 Kxe7 40. Rd4 a5 41. Ra4 Bc6 42. Rxa5 Rxb3 43. Ra7+ Kf6 44. Rxh7 Nf4 45. g3 Bb5+ 46. Kg1 Nh3+ 47. Kg2 Ng5 48. Rh6+ Ke7 49. Re5 Bc6+ 50. Kf1 Rb1+ 51. Re1 Rb2 52. Be2 Ne4 53. Rd1 Bd5 54. Rc1 Nd2+ 55. Ke1 Ne4 56. Ra1 Nc3 57. Bd3 Na2 58. Kf1 Nb4 59. Bxf5 Nc6 60. Rd1 Bc4+ 61. Bd3 Bb3 62. Rb1 Rxb1+ 63. Bxb1 Bd5 64. Rh7+ Kf6 65. Rh4 Ne5 66. Ke2 Bf3+ 67. Ke3 Bc6 68. f4 Nf7 69. g4 e5 70. g5+ Kg7 71. Rh7+ Kg8 72. g6 exf4+ 73. Kxf4,e4,c5,Nf3,e6,d4,cxd4,Nxd4,Nc6,Nc3,Qc7,Be2,a6,O-O,Bb4,Nxc6,bxc6,Qd4,Bd6,Qxg7,Bxh2+
"Shirov, Alexei",Buenos Aires,1.0,Sicilian Defense: Taimanov Variation,1. e4 c5 2. Nf3 e6 3. d4 cxd4 4. Nxd4 Nc6 5. Nc3 d6 6. g4 a6 7. Be3 Nge7 8. Nb3 b5 9. f4 Bb7 10. Qf3 g5 11. fxg5 Ne5 12. Qg2 b4 13. Ne2 h5 14. gxh5 Nf5 15. Bf2 Qxg5 16. Na5 Ne3 17. Qg3 Qxg3 18. Nxg3 Nxc2+ 19. Kd1 Nxa1 20. Nxb7 b3 21. axb3 Nxb3 22. Kc2 Nc5 23. Nxc5 dxc5 24. Be1 Nf3 25. Bc3 Nd4+ 26. Kd3 Bd6 27. Bg2 Be5 28. Kc4 Ke7 29. Ra1 Nc6,e4,c5,Nf3,e6,d4,cxd4,Nxd4,Nc6,Nc3,d6,g4,a6,Be3,Nge7,Nb3,b5,f4,Bb7,Qf3,g5
"Kamsky, Gata",Monte Carlo,0.0,Trompowsky Attack,1. d4 Nf6 2. Bg5 Ne4 3. Bf4 c5 4. f3 Nf6 5. d5 g6 6. e4 Bg7 7. Nc3 O-O 8. Qd2 d6 9. Bh6 a6 10. Bxg7 Kxg7 11. Nge2 b5 12. Nf4 Nbd7 13. h4 h5 14. a4 b4 15. Nd1 Ne5 16. Ne3 a5 17. Nd3 Ned7 18. Nf2 Nb6 19. g4 e6 20. g5 Ng8 21. f4 exd5 22. Nxd5 Bb7 23. Nxb6 Qxb6 24. O-O-O Rad8 25. f5 d5 26. f6+ Kh7 27. Qe3 dxe4 28. Bg2 Rd4 29. Bxe4 Rfd8 30. Rxd4 cxd4 31. Qb3 Rd7 32. Re1 d3 33. Nxd3 Bxe4 34. Rxe4 Qg1+ 35. Re1 Qd4 36. Kb1 Nxf6 37. gxf6 Qxf6 38. Re4 Qf3 39. Rf4 Qh1+ 40. Ka2 f5 41. Ne5 Rg7 42. Nf3 Qd1 43. Rd4 Qh1 44. Rd8,d4,Nf6,Bg5,Ne4,Bf4,c5,f3,Nf6,d5,g6,e4,Bg7,Nc3,O-O,Qd2,d6,Bh6,a6,Bxg7,Kxg7
"Salov, Valery",Madrid,0.0,Trompowsky Attack,1. d4 Nf6 2. Bg5 Ne4 3. Bf4 c5 4. f3 Qa5+ 5. c3 Nf6 6. Nd2 cxd4 7. Nb3 Qh5 8. cxd4 d5 9. g4 Qh4+ 10. Bg3 Qh6 11. h4 Nfd7 12. Rc1 Na6 13. Nh3 Qb6 14. e3 e6 15. a3 Be7 16. Bd3 Nf8 17. Rc3 Bd7 18. Qc1 Bb5 19. Bb1 Nd7 20. Nf4 Bd6 21. Kf2 Ba4 22. Nd2 Nc7 23. Nh5 Bxg3+ 24. Nxg3 O-O-O 25. b3 Bc6 26. b4 Kb8 27. Nb3 Nb5 28. Rc2 Nd6 29. Nc5 Bb5 30. a4 Bc4 31. Qa3 Rhe8 32. Nh5 Nf6 33. Nf4 Nd7 34. Qc3 Qc7 35. Rcc1 g6 36. Nfd3 Ka8 37. Ne5 Nxe5 38. dxe5 Nc8 39. Nb3 Nb6 40. a5 Nd7 41. f4 f6 42. Nd2 fxe5 43. Nxc4 dxc4 44. Qxc4 Qb8 45. Qc7 exf4 46. exf4 Nf6 47. Qxb8+ Kxb8 48. g5 Nd5 49. Rc4 e5 50. fxe5 Rxe5 51. Rh3 Rde8 52. Rf3 a6 53. Bd3 R8e7 54. Rf8+ Ka7 55. Rd4 b6 56. axb6+ Kxb6 57. Bf1 Rc7 58. Bg2 Rc2+ 59. Kg3 Ne7 60. Be4 Re2 61. Rf6+ Kc7 62. Kf3 Rh2 63. Kf4 Rb5 64. Kg3 Rb2 65. Rf7 Re5 66. Rxh7 Kc8 67. Rf7 Re2 68. Kf3 Re1 69. Rf6 a5 70. Kf4 Rb5 71. Re6 Nf5 72. Rc6+ Kb8 73. Rd8+ Kb7 74. Rc4+ Rxe4+ 75. Rxe4 axb4 76. h5 b3 77. hxg6 b2 78. Rd1 Kc6 79. Re5 b1=Q 80. Rxb1 Rxb1 81. Kxf5 Kd6 82. g7 Rb8 83. Re6+ Kd7 84. Rf6 Ke7 85. Kg6,d4,Nf6,Bg5,Ne4,Bf4,c5,f3,Qa5+,c3,Nf6,Nd2,cxd4,Nb3,Qh5,cxd4,d5,g4,Qh4+,Bg3,Qh6
"Piket, Jeroen",Monte Carlo,1.0,Trompowsky Attack,1. d4 Nf6 2. Bg5 Ne4 3. Bf4 c5 4. d5 Qb6 5. Nd2 Nxd2 6. Bxd2 e6 7. Bc3 exd5 8. Qxd5 Qe6 9. e4 Qxd5 10. exd5 d6 11. O-O-O f6 12. Ne2 Na6 13. Nf4 Nc7 14. h4 Bd7 15. h5 Kf7 16. Bd3 Be7 17. f3 Rae8 18. g4 f5 19. gxf5 Bg5 20. Bd2 Kf6 21. Rhg1 Bh6 22. Kb1 Re5 23. Ne6 Bxd2 24. Rxd2 Nxd5 25. Ng5 Bxf5 26. Bxf5 Rxf5 27. Ne4+ Ke5 28. Re1 Kf4 29. Nxd6 Rxh5 30. Rd3 Nf6 31. Nxb7 Re8 32. Red1 Rhe5 33. a3 h5 34. Rc3 Re1 35. Rxe1 Rxe1+ 36. Ka2 h4 37. Nxc5 h3 38. Nd3+ Kf5 39. Rc5+ Ke6,d4,Nf6,Bg5,Ne4,Bf4,c5,d5,Qb6,Nd2,Nxd2,Bxd2,e6,Bc3,exd5,Qxd5,Qe6,e4,Qxd5,exd5,d6
"Shirov, Alexei",Dos Hermanas,0.5,Sicilian Defense: Taimanov Variation,1. e4 c5 2. Nf3 e6 3. d4 cxd4 4. Nxd4 Nc6 5. Nc3 d6 6. g4 Nge7 7. Be3 a6 8. f4 Bd7 9. Nf3 Qa5 10. Bg2 h5 11. gxh5 d5 12. Bd2 Qb6 13. exd5 exd5 14. Qe2 O-O-O 15. O-O-O d4 16. Na4 Qc7 17. Ng5 Nf5 18. Nxf7 Re8 19. Be4 Nd6 20. Nxh8 Nxe4 21. Ng6 Nc5 22. Qc4 Be6 23. Qxc5 Bxc5 24. Nxc5 Bf5 25. Rde1 Rd8 26. Nh4 Qf7 27. Nxf5 Qxf5 28. Nd3 Qxh5 29. b3 Rd7 30. h4 Rc7 31. Kb2 b5 32. Re6 Kb7 33. Rhe1 Qxh4 34. f5 Qg4 35. Bf4 Rc8 36. f6 gxf6 37. Rxf6 Qg2 38. Ree6 Qd5 39. Rd6 Qg2 40. a3 Ka8 41. b4 Qf3 42. Rf7 Nb8 43. Rg7 Qe2 44. Nc5 Qc4 45. Bd2 Qe2 46. Nd7 Rc7 47. Nb6+ Kb7 48. Rxc7+ Kxc7 49. Bf4 d3 50. Rxd3+ Kxb6 51. Bxb8 Qe7 52. Bd6,e4,c5,Nf3,e6,d4,cxd4,Nxd4,Nc6,Nc3,d6,g4,Nge7,Be3,a6,f4,Bd7,Nf3,Qa5,Bg2,h5
"Shirov, Alexei",Monte Carlo,0.0,Sicilian Defense: Taimanov Variation,1. e4 c5 2. Nf3 e6 3. d4 cxd4 4. Nxd4 Nc6 5. Nc3 d6 6. g4 a6 7. Be3 Nge7 8. f4 Nxd4 9. Qxd4 Nc6 10. Qd2 b5 11. O-O-O Qa5 12. Kb1 Be7 13. g5 O-O 14. h4 Rd8 15. Qf2 Rb8 16. h5 d5 17. exd5 exd5 18. Bg2 d4 19. Bxd4 b4 20. Nd5 Be6 21. Nxe7+ Nxe7 22. b3 Nd5 23. Bxd5 Rxd5 24. Bb2 Rc8 25. Rxd5 Qxd5 26. Rc1 Bf5 27. h6 gxh6 28. gxh6 Bg6 29. Ka1 Qc5 30. Qd2 a5 31. Qd7 Bf5 32. Qb7 Re8 33. Qa6 Kf8 34. Qf6 Qd5 35. Qh8+ Ke7 36. Re1+ Be6 37. Qxh7 Qd2 38. Qe4 a4 39. h7 a3 40. Bd4 Kd7 41. h8=Q Rxh8 42. Bxh8 Bd5 43. Qe8+ Kd6 44. Qe2,e4,c5,Nf3,e6,d4,cxd4,Nxd4,Nc6,Nc3,d6,g4,a6,Be3,Nge7,f4,Nxd4,Qxd4,Nc6,Qd2,b5
Xie Jun,Monte Carlo,1.0,Sicilian Defense: Godiva Variation,1. e4 c5 2. Nf3 Nc6 3. d4 cxd4 4. Nxd4 Qb6 5. Nb3 Nf6 6. Nc3 e6 7. Bd3 d6 8. O-O Be7 9. Be3 Qc7 10. Qf3 b5 11. e5 Nd5 12. Nxd5 exd5 13. Qxd5 O-O 14. Nd4 Nxd4 15. Qxd4 Bb7 16. Rad1 dxe5 17. Qb6 axb6,e4,c5,Nf3,Nc6,d4,cxd4,Nxd4,Qb6,Nb3,Nf6,Nc3,e6,Bd3,d6,O-O,Be7,Be3,Qc7,Qf3,b5
"Topalov, Veselin",Novgorod,0.0,"Sicilian Defense: Taimanov Variation, Bastrikov Variation, English Attack",1. e4 c5 2. Nf3 e6 3. d4 cxd4 4. Nxd4 Nc6 5. Nc3 Qc7 6. Be3 a6 7. Bd3 b5 8. Nxc6 Qxc6 9. O-O Bb7 10. a3 Nf6 11. Re1 Be7 12. Qf3 d6 13. Qh3 h5 14. Bg5 Qc5 15. Be3 Qc6 16. f3 g5 17. a4 b4 18. Na2 g4 19. fxg4 d5 20. c3 bxc3 21. bxc3 Nxg4 22. Bd4 Bc5 23. Be2 Nf6 24. e5 Ne4 25. Nb4 Bxd4+ 26. cxd4 Qb6 27. Nc2 Rc8 28. Rab1 Qa7 29. Bd3 Rg8 30. a5 Bc6 31. Rb6 Bb5 32. Bxe4 dxe4 33. Rxe6+ Kf8 34. Qa3+ Kg7 35. Re7 Rc7 36. Rxc7 Qxc7 37. Ne3 Kh8 38. Rc1 Qd8 39. d5 Qg5 40. Qc3 Kh7 41. Qd4 Bd3 42. d6 h4 43. Rc7 Rb8 44. Rxf7+ Kg8 45. e6 Qxe3+ 46. Qxe3 Rb1+ 47. Qc1 Rxc1+ 48. Kf2 Rc6 49. Rd7 Bb5 50. Ke3 Rc2 51. Rc7 Re2+ 52. Kf4 Rf2+ 53. Kxe4 Re2+ 54. Kf5 Rf2+ 55. Ke5 Re2+ 56. Kf6 Rf2+ 57. Ke7 Re2 58. d7 Bxd7 59. Kxd7 Rd2+ 60. Ke8,e4,c5,Nf3,e6,d4,cxd4,Nxd4,Nc6,Nc3,Qc7,Be3,a6,Bd3,b5,Nxc6,Qxc6,O-O,Bb7,a3,Nf6
"Topalov, Veselin",Vienna,0.5,"Sicilian Defense: Taimanov Variation, Bastrikov Variation",1. e4 c5 2. Nf3 e6 3. d4 cxd4 4. Nxd4 Nc6 5. Nc3 Qc7 6. g3 a6 7. Bg2 Nf6 8. O-O d6 9. Re1 Rb8 10. Nxc6 bxc6 11. e5 dxe5 12. Rxe5 Qxe5 13. Bf4 Qc5 14. Bxb8 Be7 15. Bf4 O-O 16. Na4 Qb5 17. b3 e5 18. c4 Qb8 19. Be3 e4 20. Bf4 Qa7 21. Qc2 Bf5 22. h3 h5 23. Rd1 Re8 24. Qe2 Qb7 25. Kh2 Qc8 26. Bd6 h4 27. Bxe7 Rxe7 28. Nb6 Qc7 29. Qe3 hxg3+ 30. fxg3 Bg4 31. Rd2 Bf3 32. c5 Bxg2 33. Kxg2 Qe5 34. b4 Qa1 35. a3 Re5 36. g4 Kh7 37. Rf2 Qd1 38. Rf1 Qc2+ 39. Rf2 Qd1 40. Rf1 Qc2+ 41. Rf2,e4,c5,Nf3,e6,d4,cxd4,Nxd4,Nc6,Nc3,Qc7,g3,a6,Bg2,Nf6,O-O,d6,Re1,Rb8,Nxc6,bxc6
"Shirov, Alexei",Yerevan,0.5,Sicilian Defense: Taimanov Variation,1. e4 c5 2. Nf3 e6 3. d4 cxd4 4. Nxd4 Nc6 5. Nc3 d6 6. g4 Nge7 7. Be3 Ng6 8. Nb3 a6 9. Qd2 b5 10. O-O-O Nge5 11. g5 Na5 12. f4 Nec4 13. Qf2 Rb8 14. f5 Nxe3 15. Qxe3 Qb6 16. Qg3 Be7 17. Nxa5 Qxa5 18. e5 d5 19. f6 Bb4 20. Nxd5 exd5 21. e6 Rb7 22. exf7+ Kxf7 23. fxg7 Re8 24. g6+ Kxg7 25. gxh7+ Kh8 26. Rg1 Rxh7 27. Qg6 Qd8 28. Bd3 Qe7 29. Qxh7+ Qxh7 30. Bxh7 Kxh7 31. Rxd5 Bf8 32. Rdd1 Re2 33. Rde1 Rxh2 34. Rh1 Rxh1 35. Rxh1+ Kg6 36. Rh8 Kg7 37. Rh1 Kf7 38. Kd2 Ke7 39. Rh7+ Ke6 40. Rc7 Bd7,e4,c5,Nf3,e6,d4,cxd4,Nxd4,Nc6,Nc3,d6,g4,Nge7,Be3,Ng6,Nb3,a6,Qd2,b5,O-O-O,Nge5
"Shirov, Alexei",Madrid,0.0,Sicilian Defense: Taimanov Variation,1. e4 c5 2. Nf3 e6 3. d4 cxd4 4. Nxd4 Nc6 5. Nc3 d6 6. g4 a6 7. Be3 Nge7 8. f4 b5 9. g5 Bb7 10. Bg2 h6 11. gxh6 Ng6 12. Nxc6 Bxc6 13. Qd4 Qh4+ 14. Kd2 gxh6 15. Raf1 Rg8 16. Kc1 Rc8 17. Rhg1 Ne7 18. Qd2 b4 19. Nd1 Ba4 20. b3 Bb5 21. Rf3 Nc6 22. Rh3 Qd8 23. Kb1 Rg4 24. Nf2 Rxg2 25. Rxg2 Bf1 26. Ng4 Bg7 27. f5 Bc3 28. Qf2 Bxg2 29. Qxg2 exf5 30. Nxh6 Kd7 31. Nxf5 Qg8 32. Qe2 Qg6 33. Rh6 Qg8 34. Rxd6+ Ke8 35. Qxa6 Ne7 36. Qb5+,e4,c5,Nf3,e6,d4,cxd4,Nxd4,Nc6,Nc3,d6,g4,a6,Be3,Nge7,f4,b5,g5,Bb7,Bg2,h6
"Svidler, Peter",Tilburg,0.5,"Sicilian Defense: Taimanov Variation, Bastrikov Variation",1. e4 c5 2. Nf3 e6 3. d4 cxd4 4. Nxd4 Nc6 5. Nc3 Qc7 6. Be2 a6 7. O-O Nf6 8. Be3 Bb4 9. Na4 Be7 10. Nxc6 bxc6 11. Nb6 Rb8 12. Nxc8 Qxc8 13. e5 Nd5 14. Bc1 Bc5 15. c4 Ne7 16. b3 Qc7 17. Bb2 d6 18. Bh5 O-O 19. Qe2 a5 20. Rac1 Nf5 21. Rfd1 a4 22. Rd3 axb3 23. axb3 Rbd8 24. exd6 Bxd6 25. g3 Bc5 26. Rcd1 Rxd3 27. Qxd3 Qb6 28. Rd2 Bb4 29. Rd1,e4,c5,Nf3,e6,d4,cxd4,Nxd4,Nc6,Nc3,Qc7,Be2,a6,O-O,Nf6,Be3,Bb4,Na4,Be7,Nxc6,bxc6
"Sutovskij, Emil",Hoogeveen,0.0,"Sicilian Defense: Taimanov Variation, Bastrikov Variation",1. e4 c5 2. Nf3 e6 3. Nc3 Nc6 4. d4 cxd4 5. Nxd4 Qc7 6. g3 a6 7. Bg2 Nf6 8. O-O Nxd4 9. Qxd4 Bc5 10. Bf4 d6 11. Qd2 h6 12. Rad1 e5 13. Be3 Ke7 14. Bxc5 Qxc5 15. Na4 Qc6 16. f4 a5 17. Qd3 Ra6 18. fxe5 dxe5 19. Qa3+ Ke8 20. Rf3 b5 21. Rc3 Qb7 22. Qc5 Bd7 23. Qxe5+ Re6 24. Qd4 bxa4 25. e5 Qb6 26. exf6 gxf6 27. Bh3 Qxd4+ 28. Rxd4 Ke7 29. Rc7 Rd8 30. Bxe6 fxe6 31. c4 e5 32. Rd2,e4,c5,Nf3,e6,Nc3,Nc6,d4,cxd4,Nxd4,Qc7,g3,a6,Bg2,Nf6,O-O,Nxd4,Qxd4,Bc5,Bf4,d6
"Topalov, Veselin",Linares,0.5,"Sicilian Defense: Taimanov Variation, Bastrikov Variation, English Attack",1. e4 c5 2. Nf3 e6 3. d4 cxd4 4. Nxd4 Nc6 5. Nc3 Qc7 6. Be3 a6 7. Bd3 b5 8. Nxc6 Qxc6 9. O-O Bb7 10. Qd2 Nf6 11. f3 Qc7 12. a4 b4 13. Ne2 Bd6 14. h3 O-O 15. a5 Bc5 16. Bxc5 Qxc5+ 17. Kh1 Bc6 18. c3 bxc3 19. Qxc3 Qxc3 20. Nxc3 Rfb8 21. Rf2 Kf8 22. Na4 Bb5 23. Bc2 d5 24. Nb6 dxe4 25. fxe4 Ra7 26. e5 Nd7 27. Nxd7+ Rxd7 28. Bxh7 Rbd8 29. Bg6 Ke8 30. Bh5 g6 31. Bf3 Rd2 32. Kg1 Rxf2 33. Kxf2 Rd2+ 34. Ke3 Rxb2 35. Kf4 Rc2 36. Rd1 Ke7 37. Rd4 Ra2 38. h4 Rxa5 39. g4 Ra3 40. Be4 Be2 41. Rd2 Bc4 42. Bc6 Rd3 43. Rb2 Rb3 44. Rxb3 Bxb3 45. g5 Bd5 46. Ba4 Bb7 47. Ke3 Bc8 48. Kd4 Bd7 49. Bd1 a5 50. Kc5 Kd8 51. h5 gxh5 52. Bxh5 Be8 53. Bd1 Kc7 54. Bh5 Kb7 55. Bf3+ Kc8 56. Bd1 Kd8 57. Be2 Ke7 58. Bd1 Kf8 59. Bc2 Kg8 60. Bd1 Kg7 61. Bc2 Kf8 62. Bd1 a4 63. Kb4 Ke7 64. Bc2 Kd8 65. Bd1 Kc7 66. Bh5 a3 67. Kxa3 Kc6 68. Kb4 Kd5 69. Bg4 Kxe5 70. Kc3 Bc6 71. Bh5 Be8 72. Bg4 Kf4 73. g6 fxg6 74. Bxe6 Ke3 75. Bc8 Bc6 76. Be6 Be4 77. Bf7 g5 78. Be6 Kf4 79. Kd2 Bf5 80. Bf7 g4 81. Ke2,e4,c5,Nf3,e6,d4,cxd4,Nxd4,Nc6,Nc3,Qc7,Be3,a6,Bd3,b5,Nxc6,Qxc6,O-O,Bb7,Qd2,Nf6
"Kasparov, Gary",Linares,0.0,"Sicilian Defense: Taimanov Variation, Bastrikov Variation",1. e4 c5 2. Nf3 e6 3. d4 cxd4 4. Nxd4 Nc6 5. Nc3 Qc7 6. Be2 a6 7. O-O Nf6 8. Be3 Bb4 9. Na4 Bd6 10. g3 Be7 11. c4 d6 12. f3 Bd7 13. Rc1 O-O 14. Nxc6 Bxc6 15. Nb6 Rad8 16. b4 Qb8 17. b5 Be8 18. a4 Nd7 19. Nxd7 Rxd7 20. Qb3 Qc7 21. Rfd1 Rd8 22. Bd4 Ra8 23. Qc3 axb5 24. cxb5 Qxc3 25. Rxc3 Rxa4 26. Rc7 Bg5 27. Bf2 b6 28. Rb7 Ra2 29. Bf1 Rb2 30. f4 Bf6 31. Rxb6 Bc3 32. Rb7 g5 33. f5 Bb4 34. f6 h5 35. Rc1 Kh7 36. Rb8 d5 37. exd5 Bd6 38. Rd8 Be5 39. Rcc8 Bxb5 40. Bxb5 Rxd8 41. Bd3+,e4,c5,Nf3,e6,d4,cxd4,Nxd4,Nc6,Nc3,Qc7,Be2,a6,O-O,Nf6,Be3,Bb4,Na4,Bd6,g3,Be7
"Timman, Jan H",Wijk aan Zee,0.5,"Sicilian Defense: Taimanov Variation, Bastrikov Variation",1. e4 c5 2. Nf3 e6 3. d4 cxd4 4. Nxd4 Nc6 5. Nc3 Qc7 6. Be2 a6 7. O-O Nf6 8. Kh1 Nxd4 9. Qxd4 Bc5 10. Qd3 b5 11. f4 Bb7 12. Bf3 Bb4 13. e5 Bxc3 14. bxc3 Nd5 15. Ba3 f5 16. exf6 gxf6 17. Bh5+ Kd8 18. f5 Rg8 19. Bf3 Rc8 20. Rae1 Qxc3 21. fxe6 Qxd3 22. e7+ Kc7 23. cxd3 b4 24. Rc1+ Kd6 25. Rxc8 Rxc8 26. Bxb4+ Nxb4 27. Bxb7 Rb8 28. e8=Q Rxe8 29. Be4 Nxa2 30. Rxf6+ Re6 31. Rf1 h6 32. Ra1 Nb4 33. h4 Ke5 34. g4,e4,c5,Nf3,e6,d4,cxd4,Nxd4,Nc6,Nc3,Qc7,Be2,a6,O-O,Nf6,Kh1,Nxd4,Qxd4,Bc5,Qd3,b5
"Salov, Valery",Wijk aan Zee,0.5,Trompowsky Attack,1. d4 Nf6 2. Bg5 Ne4 3. Bf4 d5 4. Nd2 Bf5 5. e3 e6 6. Bd3 Nxd2 7. Qxd2 Bxd3 8. Qxd3 c5 9. Bxb8 Rxb8 10. Nf3 Bd6 11. dxc5 Qa5+ 12. c3 Qxc5 13. Rd1,d4,Nf6,Bg5,Ne4,Bf4,d5,Nd2,Bf5,e3,e6,Bd3,Nxd2,Qxd2,Bxd3,Qxd3,c5,Bxb8,Rxb8,Nf3,Bd6
"Nijboer, Friso",Wijk aan Zee,0.5,"Sicilian Defense: Taimanov Variation, Bastrikov Variation",1. e4 c5 2. Nf3 e6 3. Nc3 Nc6 4. d4 cxd4 5. Nxd4 Qc7 6. f4 Nxd4 7. Qxd4 a6 8. Be3 b5 9. Be2 Bb7 10. O-O-O Rc8 11. Rd2 Nf6 12. Bf3 Be7 13. g4 d5 14. exd5 b4 15. Na4 Bxd5 16. Bxd5 Nxd5 17. Nb6 Nxb6 18. Qxb6 Qc4 19. Qb7 O-O 20. b3 Qc7 21. Qxc7 Rxc7 22. Re1 Rfc8 23. Ree2 h6 24. Bd4 Rc6 25. Kd1 Kf8 26. Rd3 g5 27. fxg5 hxg5 28. Rh3 Ke8 29. Rh8+ Kd7 30. Rh7 Rd6 31. Rd2 Rf8 32. c4 bxc3 33. Bxc3 Kc6 34. Rxd6+ Bxd6 35. Bf6 Bf4 36. Ke2 e5 37. h4 gxh4 38. Bxh4 Kd5 39. Kf3 Rc8 40. Rxf7 Rc3+ 41. Kg2 Rc2+ 42. Kf3 Rc3+ 43. Kg2 Rc2+ 44. Kf3,e4,c5,Nf3,e6,Nc3,Nc6,d4,cxd4,Nxd4,Qc7,f4,Nxd4,Qxd4,a6,Be3,b5,Be2,Bb7,O-O-O,Rc8
"Lutz, Christopher",Frankfurt,1.0,Sicilian Defense: Godiva Variation,1. e4 c5 2. Nf3 Nc6 3. d4 cxd4 4. Nxd4 Qb6 5. Nb3 Nf6 6. Nc3 e6 7. Bd3 a6 8. Be3 Qc7 9. f4 d6 10. Qf3 b5 11. O-O Bb7 12. Rae1 Be7 13. Qh3 h5 14. Kh1 Ng4 15. Bg1 g5 16. e5 d5 17. Nxd5 exd5 18. Bf5 Bc8 19. e6 Bxe6 20. Rxe6 fxe6 21. Bxe6 Bf6 22. fxg5 Be5 23. Qd3 Ne7 24. Bf7+ Kd7 25. Bxd5 Qd6 26. Nc5+ Kc7 27. Bxa8 Rxa8 28. h3 Qxd3 29. Nxd3 Rh8 30. Bc5 Ng6 31. hxg4 hxg4+ 32. Kg1 Bh2+ 33. Kf2 Kc6 34. Ke2 Re8+ 35. Kd2 Nh4 36. Rf6+ Kd5 37. b3 Nxg2 38. g6 Rg8 39. Bf8 Nh4 40. g7 g3 41. Ke3 g2 42. Nf4+ Bxf4+ 43. Kxf4 Kd4 44. Rd6+ Kc3 45. Rd1 Ng6+ 46. Kf3 Kxc2 47. Re1 Nxf8 48. gxf8=Q Rxf8+ 49. Kxg2 Kb2 50. Re6 Ra8 51. Re2+ Ka3 52. Kf3 a5 53. Rc2 Re8 54. Rc5 Kb4 55. Rc2 Re1 56. Kf2 Re5 57. Kf3 Ka3 58. Kf2 b4 59. Kf1 Re3 60. Kf2 Rc3 61. Rd2 Rc1 62. Ke3 Re1+ 63. Kd3 Ra1 64. Kc4 Rxa2 65. Rd5 Rc2+ 66. Kd3 Kxb3 67. Rxa5 Rc8 68. Rb5 Rd8+ 69. Ke2 Kc3,e4,c5,Nf3,Nc6,d4,cxd4,Nxd4,Qb6,Nb3,Nf6,Nc3,e6,Bd3,a6,Be3,Qc7,f4,d6,Qf3,b5
"Speelman,J",Batumi GEO,0.5,Trompowsky Attack,1. d4 Nf6 2. Bg5 Ne4 3. Bf4 d5 4. Nd2 Bf5 5. e3 e6 6. Nxe4 Bxe4 7. Nf3 Bd6 8. Bxd6 Qxd6 9. Nd2 Bg6 10. c4 O-O 11. cxd5 exd5 12. Be2 Nd7 13. O-O c6 14. Qb3 Rab8 15. Rfc1 Rfe8 16. Bf3 Nf6 17. Qc3 Be4 18. Be2 Bf5 19. Qc5 Qxc5 20. Rxc5 Nd7 21. Rcc1 a5 22. Nb3 Ra8 23. Nc5 Nxc5 24. Rxc5 Kf8 25. Kf1 Ke7 26. Ke1,d4,Nf6,Bg5,Ne4,Bf4,d5,Nd2,Bf5,e3,e6,Nxe4,Bxe4,Nf3,Bd6,Bxd6,Qxd6,Nd2,Bg6,c4,O-O
"Macieja,B",Batumi GEO,1.0,"Sicilian Defense: Taimanov Variation, Bastrikov Variation, English Attack",1. e4 c5 2. Nc3 e6 3. Nf3 Nc6 4. d4 cxd4 5. Nxd4 Qc7 6. Be3 a6 7. Bd3 b5 8. Nxc6 Qxc6 9. O-O Bb7 10. Re1 Ne7 11. a4 b4 12. Na2 Ng6 13. Bd2 Qb6 14. a5 Qxa5 15. Nxb4 Qb6 16. Na2 Bd6 17. Qh5 Be5 18. Nc3 O-O 19. Ra2 Qc6 20. Qg4 Bc7 21. Rea1 Ne5 22. Qe2 Nxd3 23. cxd3 f5 24. Rf1 fxe4 25. Nxe4 Qd5 26. Raa1 Qe5 27. Ng3 Qb5 28. Bc3 Rf4 29. Rae1 Raf8 30. Qh5 Rxf2 31. Rxf2 Rxf2 32. Qe8+ Rf8 33. Qe7 e5 34. Bxe5 Bxe5 35. Qxe5 Qxd3 36. Rf1 Rxf1+ 37. Nxf1 Kf7 38. Qf4+ Ke6 39. Qg4+ Qf5 40. Qd4 g5 41. h3 Qe5 42. Qf2 h5 43. Ng3 h4 44. Nf1 Qf4 45. Qb6+ Bc6 46. Ne3 Qe5 47. Kf2 a5 48. Qb3+ Ke7 49. Qa3+ Kd8 50. Qb3 Kc7 51. Qa3 a4 52. Kg1 Qd4 53. Kf2 Kb6 54. Ke2 Bb5+ 55. Kf2 d6 56. Ke1 Ka5 57. Kf2 Bd3 58. b4+ Kb5 59. Qc1 a3,e4,c5,Nc3,e6,Nf3,Nc6,d4,cxd4,Nxd4,Qc7,Be3,a6,Bd3,b5,Nxc6,Qxc6,O-O,Bb7,Re1,Ne7
"De la Villa Garcia,J",Pamplona ESP,0.5,Trompowsky Attack,1. d4 Nf6 2. Bg5 Ne4 3. Bf4 c5 4. f3 Qa5+ 5. c3 Nf6 6. Nd2 cxd4 7. Nb3 Qd8 8. cxd4 g6 9. e4 Bg7 10. Ne2 O-O 11. Nc3 d6 12. Be2 a6 13. O-O b5 14. a3 Nbd7 15. Qd2 Bb7 16. Be3 e6 17. Na2 Rb8 18. Na5 Ba8 19. Rac1 Qb6 20. Rc2 Rfc8 21. Rfc1 Rxc2 22. Rxc2 d5 23. e5 Ne8 24. Nc1 Bf8 25. Nd3 Qd8 26. Bg5 Qb6 27. Be3 Qd8 28. Bg5 Qb6,d4,Nf6,Bg5,Ne4,Bf4,c5,f3,Qa5+,c3,Nf6,Nd2,cxd4,Nb3,Qd8,cxd4,g6,e4,Bg7,Ne2,O-O
"Adams,Mi",Wijk aan Zee NED,0.5,"Sicilian Defense: Taimanov Variation, Bastrikov Variation",1. e4 c5 2. Nf3 e6 3. d4 cxd4 4. Nxd4 Nc6 5. Nc3 Qc7 6. g3 a6 7. Bg2 Nf6 8. O-O Nxd4 9. Qxd4 Bc5 10. Bf4 d6 11. Qd2 h6 12. Rad1 e5 13. Be3 Be6 14. Bxc5 dxc5 15. f4 O-O 16. Qd6 Qa5 17. Qd2 Rad8 18. Nd5 Qxd2 19. Rxd2 Bxd5 20. exd5 exf4 21. Rxf4 Ne8 22. Rc4 b6 23. Re4 Nd6 24. Re7 Nc4 25. Rf2 Nxb2 26. Ra7 Nc4 27. Rf4 Ne3,e4,c5,Nf3,e6,d4,cxd4,Nxd4,Nc6,Nc3,Qc7,g3,a6,Bg2,Nf6,O-O,Nxd4,Qxd4,Bc5,Bf4,d6
"Hracek,Z",Istanbul TUR,1.0,"Sicilian Defense: Taimanov Variation, Bastrikov Variation, English Attack",1. e4 c5 2. Nf3 e6 3. d4 cxd4 4. Nxd4 Nc6 5. Nc3 Qc7 6. Be3 a6 7. Bd3 b5 8. Nxc6 Qxc6 9. O-O Bb7 10. a3 Nf6 11. Qe2 h5 12. f4 Ng4 13. Bd2 Bc5+ 14. Kh1 Bd4 15. Rae1 O-O-O 16. Nd1 f5 17. Ba5 Rdf8 18. c3 Ba7 19. e5 g5 20. c4 bxc4 21. Bxc4 gxf4 22. Rf3 Rhg8 23. b4 Nxe5 24. Qxe5 Qxc4 25. Nb2 Bxf3 26. gxf3 Qc2,e4,c5,Nf3,e6,d4,cxd4,Nxd4,Nc6,Nc3,Qc7,Be3,a6,Bd3,b5,Nxc6,Qxc6,O-O,Bb7,a3,Nf6
"Grischuk,A",Linares ESP,0.5,"Sicilian Defense: Taimanov Variation, Bastrikov Variation",1. e4 c5 2. Nf3 e6 3. d4 cxd4 4. Nxd4 Nc6 5. Nc3 Qc7 6. Be2 a6 7. O-O Nf6 8. Kh1 Nxd4 9. Qxd4 Bc5 10. Qd3 b5 11. f4 Bb7 12. Bf3 O-O 13. e5 Ne8 14. a4 b4 15. Bxb7 Qxb7 16. Ne4 Be7 17. Be3 Qc6 18. Ng5 g6 19. Rad1 d6 20. Bd4 dxe5 21. Bxe5 Nf6 22. Qh3 h5 23. Nf3 Ng4 24. Nd4 Qc5 25. Qg3 Rad8 26. c3 bxc3 27. bxc3 Rd5 28. Rde1 Rc8 29. Rf3 Bf8 30. h3 Nxe5 31. fxe5 Bg7 32. Rfe3 Qa5 33. Nxe6 fxe6 34. Qxg6 Qb6 35. Rf3 Rf8 36. Rxf8+ Kxf8 37. Rf1+ Kg8 38. Qe8+ Kh7 39. Qxh5+ Kg8 40. Qf7+ Kh7 41. Qh5+ Kg8 42. Rf4 Qb1+ 43. Kh2 Bxe5 44. Qf7+,e4,c5,Nf3,e6,d4,cxd4,Nxd4,Nc6,Nc3,Qc7,Be2,a6,O-O,Nf6,Kh1,Nxd4,Qxd4,Bc5,Qd3,b5
"Blehm,P",Ohrid MKD,0.5,"Sicilian Defense: Taimanov Variation, Bastrikov Variation",1. e4 c5 2. Nf3 e6 3. d4 cxd4 4. Nxd4 Nc6 5. Nc3 Qc7 6. Be2 a6 7. Be3 Nf6 8. a3 Na5 9. Qd3 b5 10. Rd1 Nc4 11. Bc1 Bb7 12. O-O Rc8 13. f4 d6 14. Bf3 Nd7 15. Qe2 Be7 16. b3 Ncb6 17. Bb2 O-O 18. Kh1 Rfe8 19. Qf2 Bf6 20. e5 dxe5 21. Ndxb5 axb5 22. Nxb5 Qxc2 23. Bxb7 Qxf2 24. Rxf2 Rb8 25. Bc6 Rec8 26. Bxd7 Nxd7 27. Rxd7 Rxb5 28. fxe5 Bxe5 29. Rfd2,e4,c5,Nf3,e6,d4,cxd4,Nxd4,Nc6,Nc3,Qc7,Be2,a6,Be3,Nf6,a3,Na5,Qd3,b5,Rd1,Nc4
Ye Jiangchuan,Prague CZE,0.0,"Sicilian Defense: Taimanov Variation, Bastrikov Variation",1. e4 c5 2. Nf3 e6 3. d4 cxd4 4. Nxd4 Nc6 5. Nc3 Qc7 6. Be2 a6 7. O-O Nf6 8. Kh1 Nxd4 9. Qxd4 Bc5 10. Qd3 b5 11. f4 Bb7 12. Bf3 O-O 13. e5 Ne8 14. a4 b4 15. Bxb7 Qxb7 16. Ne4 Be7 17. Be3 Qc6 18. c4 bxc3 19. bxc3 d5 20. Nd2 Nc7 21. Bd4 Rab8 22. Nf3 Rb2 23. Ng5 Bxg5 24. fxg5 Qc4 25. Qh3 Ra2 26. Qf3 Rb2 27. h4 g6 28. h5 gxh5 29. Qxh5 Ne8 30. Rf3 Ng7 31. Qh6 Qb3 32. Bc5 Rc8 33. Qf6 Qb7 34. Be7 Nf5 35. Rxf5 exf5 36. e6 Rf8 37. Bxf8 Kxf8 38. e7+ Ke8 39. Re1,e4,c5,Nf3,e6,d4,cxd4,Nxd4,Nc6,Nc3,Qc7,Be2,a6,O-O,Nf6,Kh1,Nxd4,Qxd4,Bc5,Qd3,b5
"Grischuk,A",Moscow RUS,0.0,"Sicilian Defense: Taimanov Variation, Bastrikov Variation",1. e4 c5 2. Nf3 e6 3. d4 cxd4 4. Nxd4 Nc6 5. Nc3 Qc7 6. Be2 a6 7. O-O Nf6 8. Be3 Bb4 9. Na4 O-O 10. c4 Be7 11. Nc3 d6 12. Rc1 Nxd4 13. Qxd4 Bd7 14. Rfd1 Rac8 15. b4 Qb8 16. a4 Rfd8 17. Rb1 Be8 18. a5 d5 19. exd5 Bd6 20. Qh4 Be5 21. Bd4 exd5 22. c5 Bc6 23. Bxe5 Qxe5 24. Qd4 Qe7 25. Bd3 Ne4 26. Ne2 Qg5 27. f3 Kf8 28. Kh1 Qh4 29. Bc2 Bb5 30. Nc3 Nf2+ 31. Kg1 Nxd1 32. Qxh4 Nxc3 33. Re1 d4 34. Qxh7 Ne2+ 35. Rxe2 Bxe2 36. Qh8+ Ke7 37. Qxg7 Rd5 38. Bb3 Rcd8 39. Qh7 Kf6 40. Qh6+ Ke7 41. Qf4 Kf8 42. Qe4,e4,c5,Nf3,e6,d4,cxd4,Nxd4,Nc6,Nc3,Qc7,Be2,a6,O-O,Nf6,Be3,Bb4,Na4,O-O,c4,Be7
"Grischuk,A",Moscow RUS,0.5,"Sicilian Defense: Taimanov Variation, Bastrikov Variation",1. e4 c5 2. Nf3 e6 3. d4 cxd4 4. Nxd4 Nc6 5. Nc3 Qc7 6. Be2 a6 7. O-O Nf6 8. Be3 Bb4 9. Na4 O-O 10. c4 Be7 11. f3 d5 12. exd5 exd5 13. c5 Bd7 14. Rc1 Rae8 15. Nxc6 Bxc6 16. Nc3 Nh5 17. f4 Bf6 18. Bd4 Nxf4 19. Bxf6 gxf6 20. Qd2 Nxg2 21. Qh6 Re6 22. Rf5 Rfe8 23. Bd3 Ne1 24. Rg5+,e4,c5,Nf3,e6,d4,cxd4,Nxd4,Nc6,Nc3,Qc7,Be2,a6,O-O,Nf6,Be3,Bb4,Na4,O-O,c4,Be7
"Kasimdzhanov,R",Moscow RUS,0.0,"Sicilian Defense: Taimanov Variation, Bastrikov Variation, English Attack",1. e4 c5 2. Nf3 e6 3. d4 cxd4 4. Nxd4 Nc6 5. Nc3 Qc7 6. Be3 a6 7. Qd2 Nf6 8. O-O-O b5 9. Bf4 Qb6 10. e5 Nxd4 11. exf6 Nc6 12. Ne4 d5 13. Nd6+ Kd7 14. Nxf7 Rg8 15. Ng5 Qa5 16. Qxa5 Nxa5 17. Nxh7 Bb7 18. Bd3 Bd6 19. Bxd6 Kxd6 20. f7 Rh8 21. f8=Q+ Raxf8 22. Nxf8 Rxf8 23. f3 Nc6 24. h4 e5 25. h5 Kc5 26. h6 gxh6 27. Rxh6 Rg8 28. Rg6 Re8 29. Re1 a5 30. Rg7 Bc8 31. Kd2 a4 32. a3 b4 33. axb4+ Nxb4 34. Rg5 Nc6 35. Ra1 Kb4 36. c3+ Ka5 37. b4+ Kb6 38. Rxa4 e4 39. fxe4 dxe4 40. b5 exd3 41. bxc6 Ba6 42. c4,e4,c5,Nf3,e6,d4,cxd4,Nxd4,Nc6,Nc3,Qc7,Be3,a6,Qd2,Nf6,O-O-O,b5,Bf4,Qb6,e5,Nxd4
"Motylev,A",Halkidiki GRE,1.0,Sicilian Defense: Godiva Variation,1. e4 c5 2. Nf3 Nc6 3. d4 cxd4 4. Nxd4 Qb6 5. Nb3 Nf6 6. Nc3 e6 7. Qe2 Bb4 8. Bd2 O-O 9. a3 Be7 10. O-O-O d5 11. exd5 Nxd5 12. Nxd5 exd5 13. Bc3 Be6 14. Qf3 Rac8 15. Qg3 g6 16. h4 Rfd8 17. h5 d4 18. hxg6 hxg6 19. Nxd4 Nxd4 20. Rxd4 Rxc3 21. bxc3 Rxd4 22. cxd4 Qxd4 23. c3 Qc5 24. Kd2 Bg5+ 25. Kc2 Kg7 26. Bd3 Bf6 27. Rb1 Qxc3+ 28. Kd1 Bg5 29. Ke2 Bg4+ 30. Kf1 Bf4,e4,c5,Nf3,Nc6,d4,cxd4,Nxd4,Qb6,Nb3,Nf6,Nc3,e6,Qe2,Bb4,Bd2,O-O,a3,Be7,O-O-O,d5
"Grischuk,A",Bled SLO,0.5,"Sicilian Defense: Taimanov Variation, Bastrikov Variation",1. e4 c5 2. Nf3 e6 3. d4 cxd4 4. Nxd4 Nc6 5. Nc3 Qc7 6. Be2 a6 7. O-O Nf6 8. Be3 Bb4 9. Na4 Be7 10. Nxc6 bxc6 11. Nb6 Rb8 12. Nxc8 Qxc8 13. Bd4 c5 14. Be5 Rb6 15. Qd3 d6 16. Bc3 O-O 17. b3 Qc6 18. f3 Rc8 19. Kh1 Qb7 20. Rad1 c4 21. bxc4 Nd7 22. f4 Nc5 23. Qd4 e5 24. fxe5 dxe5 25. Qxe5 Bf6 26. Qf5 g6 27. Qh3,e4,c5,Nf3,e6,d4,cxd4,Nxd4,Nc6,Nc3,Qc7,Be2,a6,O-O,Nf6,Be3,Bb4,Na4,Be7,Nxc6,bxc6
"Grischuk,A",Wijk aan Zee NED,1.0,"Sicilian Defense: Taimanov Variation, Bastrikov Variation, English Attack",1. e4 c5 2. Nf3 e6 3. d4 cxd4 4. Nxd4 Nc6 5. Nc3 Qc7 6. Be3 a6 7. Qd2 b5 8. Nxc6 Qxc6 9. f3 Bb7 10. O-O-O Ne7 11. Kb1 Ng6 12. h4 b4 13. Ne2 Ne5 14. Nf4 Rc8 15. Bd4 f6 16. Nh5 Qd6 17. Qe1 Qc7 18. Rd2 Bc5 19. Nxg7+ Ke7 20. Qe3 h5 21. Be2 Rh7 22. Nxh5 Rxh5 23. f4 Bxd4 24. Qxd4 Nc6 25. Qe3 Rh7 26. g4 Rg8 27. g5 fxg5 28. fxg5 Qe5 29. Rdd1 Kd8 30. Qb6+ Kc8 31. Qf2 a5 32. Rhg1 a4 33. g6 a3 34. c3 Rh6 35. g7 bxc3 36. bxa3 Rf6 37. Qb6 Rf7 38. Rg5 Qxe4+ 39. Bd3 Qf3 40. Kc2 Rgxg7 41. Rxg7 Rxg7 42. Rf1 Rg2+ 43. Kc1 Rb2 44. Qxb7+ Kxb7 45. Rxf3 Rh2 46. Rf4 d5 47. h5 e5,e4,c5,Nf3,e6,d4,cxd4,Nxd4,Nc6,Nc3,Qc7,Be3,a6,Qd2,b5,Nxc6,Qxc6,f3,Bb7,O-O-O,Ne7
"Movsesian,S",Budapest HUN,0.5,"Sicilian Defense: Taimanov Variation, Bastrikov Variation, English Attack",1. e4 c5 2. Nf3 e6 3. d4 cxd4 4. Nxd4 Nc6 5. Nc3 Qc7 6. Be3 a6 7. Qd2 Nf6 8. O-O-O Bb4 9. f3 Ne5 10. Nb3 d5 11. Bd4 O-O 12. Kb1 dxe4 13. Qf4 Bd6 14. Nxe4 Nxe4 15. Qxe4 Nc6 16. Bc3 Bd7 17. g4 Rfe8 18. Bd3 g6 19. Rhe1 e5 20. h4 Ne7 21. Bc4 Bc6 22. Qd3 Rad8 23. Qe3 Nc8 24. h5 Nb6 25. Na5 Na4 26. Bd2 Bc5 27. Qe2 Bd5 28. hxg6 hxg6 29. Bxd5 Rxd5 30. Rh1 e4 31. fxe4 Ba3 32. Qh2 Qxh2 33. Rxh2 Rb5 34. b3 Rd8 35. c4 Rxa5 36. bxa4 Bb4 37. Kc2 Bxd2 38. Rdxd2 Rxd2+ 39. Rxd2 Rxa4 40. Kd3 Kf8 41. Rb2 b5 42. cxb5 axb5 43. Rxb5,e4,c5,Nf3,e6,d4,cxd4,Nxd4,Nc6,Nc3,Qc7,Be3,a6,Qd2,Nf6,O-O-O,Bb4,f3,Ne5,Nb3,d5
"Gelfand,B",Enghien les Bains FRA,0.0,"Sicilian Defense: Taimanov Variation, Bastrikov Variation",1. e4 c5 2. Nf3 e6 3. d4 cxd4 4. Nxd4 Nc6 5. Nc3 Qc7 6. Be2 Nf6 7. O-O a6 8. Be3 Bb4 9. Na4 Be7 10. Nxc6 bxc6 11. Nb6 Rb8 12. Nxc8 Qxc8 13. Bd4 O-O 14. e5 Nd5 15. c4 Nf4 16. g3 c5 17. Bc3 Ng6 18. h4 f6 19. f4 fxe5 20. h5 Nh8 21. Bxe5 Rb6 22. Bd3 Nf7 23. Qg4 Nxe5 24. fxe5 Qe8 25. b3 Rb8 26. Rxf8+ Bxf8 27. Rf1 Kh8 28. Kg2 d6 29. Qe4 Qxh5 30. exd6 Bxd6 31. Rh1 Qf5 32. Rxh7+ Kg8 33. Qe2 Qe5 34. Qg4 Rf8 35. Qg6 Rf5 36. Rh2 Kf8 37. Rh8+ Ke7 38. Bxf5 Qe2+ 39. Kh3 Qf1+ 40. Kh4,e4,c5,Nf3,e6,d4,cxd4,Nxd4,Nc6,Nc3,Qc7,Be2,Nf6,O-O,a6,Be3,Bb4,Na4,Be7,Nxc6,bxc6
"Gelfand,B",Pacs HUN,1.0,Sicilian Defense: Taimanov Variation,1. e4 c5 2. Nf3 e6 3. d4 cxd4 4. Nxd4 Nc6 5. Nc3 d6 6. Be3 a6 7. Qd2 Bd7 8. O-O-O Rc8 9. f4 b5 10. Nf3 Nf6 11. e5 dxe5 12. fxe5 b4 13. Na4 Nd5 14. Nb6 b3 15. axb3 Ncb4 16. Nxc8 Qa5 17. Qd4 Bxc8 18. Bc4 Nxe3 19. Qxe3 Bc5 20. Qe4 Bb7 21. Rd8+ Kxd8 22. Qxb7 Qa1+ 23. Kd2 Qxh1 24. Qb8+ Kd7 25. Qb7+ Kd8 26. Ng5 Be3+ 27. Kxe3 Qc1+ 28. Kf3 Qxg5 29. Qb8+ Kd7 30. Qb7+ Ke8 31. Qb8+ Qd8 32. Qxb4 h5 33. Bxa6 f5 34. Bb5+ Kf7 35. Qd6 Qg5 36. Bc4 Qe7 37. b4 Qxd6 38. exd6 Rd8 39. b5 Rxd6 40. Ke3 Ke7 41. Bd3 g5 42. c4 f4+ 43. Ke2 e5 44. Be4 Rd4 45. Bd5 e4 46. b6 e3 47. b4 Rd2+ 48. Ke1 Kd8 49. b5 g4 50. Be4 Rb2 51. Bd5 h4 52. h3 f3 53. gxf3 g3 54. f4 g2 55. Bxg2 Rxg2 56. c5 Rb2,e4,c5,Nf3,e6,d4,cxd4,Nxd4,Nc6,Nc3,d6,Be3,a6,Qd2,Bd7,O-O-O,Rc8,f4,b5,Nf3,Nf6
"Radjabov,T",Benidorm ESP,0.0,Trompowsky Attack,1. d4 Nf6 2. Bg5 Ne4 3. Bf4 d5 4. e3 c5 5. Bd3 Nc6 6. Bxe4 dxe4 7. d5 e5 8. Bg3 Ne7 9. Nc3 Ng6 10. h4 h5 11. f3 Be7 12. Nxe4 f5 13. Nc3 Bxh4 14. Bxh4 Nxh4 15. Qd2 Qg5 16. Nh3 Qg3+ 17. Qf2 f4 18. Nxf4 Nxf3+ 19. gxf3 exf4 20. Qxg3 fxg3 21. Ne4 h4 22. Nxg3 O-O 23. Rxh4 Rxf3 24. Ne4 Bf5 25. Ke2 Bxe4 26. Rxe4 Raf8 27. Kd3 b5 28. Re7 R8f7 29. Re8+ Rf8 30. Rxf8+ Kxf8 31. a4 b4 32. Kc4 Rxe3 33. Kxc5 Re2 34. c4 Rxb2 35. Kc6 b3 36. d6 Rd2 37. d7 b2 38. Rf1+ Ke7 39. Re1+ Kf7 40. Kc7,d4,Nf6,Bg5,Ne4,Bf4,d5,e3,c5,Bd3,Nc6,Bxe4,dxe4,d5,e5,Bg3,Ne7,Nc3,Ng6,h4,h5
"Adams,Mi",Sofia BUL,0.5,"Sicilian Defense: Taimanov Variation, Bastrikov Variation",1. e4 c5 2. Nf3 e6 3. d4 cxd4 4. Nxd4 Nc6 5. Nc3 Qc7 6. g3 a6 7. Bg2 Nf6 8. O-O Nxd4 9. Qxd4 Bc5 10. Qd3 Ng4 11. Qe2 Ne5 12. Kh1 d6 13. f4 Nc6 14. Be3 b6 15. f5 Ne5 16. Rad1 Bb7 17. Bg5 O-O 18. f6 g6 19. Na4 b5 20. Nxc5 Qxc5 21. b3 Rac8 22. Bh6 Rfe8 23. Rd2 d5 24. Be3 Qb4 25. Bf4 Nd7 26. e5 Nc5 27. h4 Ne4 28. Bxe4 dxe4 29. Kh2 Red8 30. Rfd1 Rd5 31. Be3 Rxd2 32. Qxd2 Qxd2+ 33. Rxd2 Bd5 34. Bd4 h5 35. Kg1 Kh7 36. c3 g5 37. hxg5 Kg6 38. Kf2 Kxg5 39. Ke3 Kg4 40. Rh2 Rh8 41. Kf2 h4 42. Rxh4+ Rxh4 43. gxh4 Kxh4 44. Ke3 a5 45. Kf4 a4 46. bxa4 bxa4 47. a3 Bb7 48. Be3 Bd5 49. Bd2 Bb7 50. Be1+ Kh5 51. Bf2 Kg6 52. Bc5 Bd5 53. Be3 Bb7 54. Bd2 Bd5 55. Ke3 Kf5 56. Kd4 Bb7 57. c4 Ba6 58. Bc3 Kf4 59. Kc5 e3 60. Kd6 Bxc4 61. Ke7 Kf5 62. Kxf7 Be2 63. Ke7 Bh5 64. f7 Bxf7 65. Kxf7 e2 66. Ke7 e1=Q 67. Bxe1 Kxe5 68. Kd7 Kd5 69. Kc7 e5 70. Kb6 Kc4 71. Ka6 Kb3 72. Bb4 e4 73. Bc5 e3 74. Bxe3 Kxa3,e4,c5,Nf3,e6,d4,cxd4,Nxd4,Nc6,Nc3,Qc7,g3,a6,Bg2,Nf6,O-O,Nxd4,Qxd4,Bc5,Qd3,Ng4
"Topalov,V",Sofia BUL,0.5,"Sicilian Defense: Taimanov Variation, Bastrikov Variation, English Attack",1. e4 c5 2. Nf3 e6 3. d4 cxd4 4. Nxd4 Nc6 5. Nc3 Qc7 6. Be3 a6 7. Qd2 Nf6 8. O-O-O Bb4 9. f3 Ne7 10. Nde2 b5 11. Kb1 Ba5 12. Qd4 Nc6 13. Qc5 Bb4 14. Qg5 O-O 15. Qg3 Ne5 16. h4 Bb7 17. h5 Ne8 18. a3 Bd6 19. Bf4 f6 20. Na2 Rc8 21. Nec3 Bc6 22. Be2 a5 23. h6 g6 24. Rxd6 Qxd6 25. Nxb5 Bxb5 26. Bxb5 Nc7 27. Be2 Rb8 28. a4 Qd4 29. b3 d6 30. Bc1 Qxa4 31. Bb2 Qe8 32. f4 Nc6 33. Rd1 a4 34. f5 axb3 35. cxb3 Ne5 36. Rxd6 Qe7 37. fxg6 hxg6 38. Nc1 Kh7 39. Bxe5 fxe5 40. Qxe5 Rbd8 41. Rc6 Rf7 42. Nd3 Rb8 43. Kb2 Qd8 44. b4 Rb7 45. Rc2 Na6 46. Kb3 Rfd7 47. Rc3 Rd6 48. Nc5 Nxc5+ 49. Rxc5 Ra7 50. Ra5 Rc7 51. Rc5 Ra7 52. Ra5 Rad7 53. Rc5 Rd2 54. Bc4 Rxg2 55. Bxe6 Re7 56. Qc3 Qa8 57. Ra5 Qxe4 58. Bd5 Qb1+ 59. Ka3 Rg1 60. Bg8+ Kxg8 61. Ra8+ Kf7 62. Qc4+ Re6 63. Ra7+ Kf6 64. Qf4+ Qf5 65. Qd4+ Qe5 66. Qf2+ Qf5 67. Qd4+ Qe5 68. Qf2+,e4,c5,Nf3,e6,d4,cxd4,Nxd4,Nc6,Nc3,Qc7,Be3,a6,Qd2,Nf6,O-O-O,Bb4,f3,Ne7,Nde2,b5
"Anand,V",Sofia BUL,0.5,"Sicilian Defense: Taimanov Variation, Bastrikov Variation",1. e4 c5 2. Nf3 e6 3. d4 cxd4 4. Nxd4 Nc6 5. Nc3 Qc7 6. Be3 a6 7. Be2 Nf6 8. O-O Bb4 9. Na4 Be7 10. Nxc6 bxc6 11. Nb6 Rb8 12. Nxc8 Qxc8 13. Bd4 O-O 14. e5 Nd5 15. c4 Nf4 16. g3 Nxe2+ 17. Qxe2 c5 18. Bc3 f5 19. Rad1 Qc6 20. f4 Rf7 21. b3 Rb7 22. Rd3 Ra7 23. h4 g6 24. Ba5 Rb7 25. Rfd1 Bf8 26. Qg2 Qc8 27. Kf1 Ra7 28. Ke1 Rb7 29. R1d2 h5 30. Kd1 Ra7 31. Kc2 Qb8 32. Qf3 Rb7 33. Qe3 Qc8 34. Rd1 Be7 35. a4 Bf8 36. Rd6 Bxd6 37. Rxd6 Qb8 38. Rxa6 Rf8 39. Bd2 Ra7 40. Rd6 Qc7 41. Qf3 Rb8 42. Rd3 Qb6 43. Rd6 Qc7 44. Rd3 Qb6 45. Rd6,e4,c5,Nf3,e6,d4,cxd4,Nxd4,Nc6,Nc3,Qc7,Be3,a6,Be2,Nf6,O-O,Bb4,Na4,Be7,Nxc6,bxc6
"Adams,Mi",San Luis ARG,0.5,"Sicilian Defense: Taimanov Variation, Bastrikov Variation, English Attack",1. e4 c5 2. Nf3 e6 3. d4 cxd4 4. Nxd4 Nc6 5. Nc3 Qc7 6. Be3 a6 7. Bd3 b5 8. Nxc6 Qxc6 9. e5 Bb4 10. O-O f5 11. Be2 Bb7 12. Bh5+ g6 13. Bf3 Qc8 14. Bd2 Bxc3 15. Bxc3 Ne7 16. Bb4 Bxf3 17. Qxf3 Nd5 18. c3 Qc4 19. Rfd1 Qg4 20. Qd3 Kf7 21. h3 Qf4 22. Qe2 Qc4 23. Qf3 a5 24. Bd6 a4 25. Rd4 Qc6 26. Rad1 h6 27. R1d3 Kg7 28. Kh2 Rac8 29. Qg3 Kh7 30. Qh4 Rhg8 31. Rg3 g5 32. Qh5 Rg7 33. Qd1 Nf4 34. h4 Rh8 35. Kg1 Kg8 36. b3 axb3 37. axb3 Rhh7 38. h5 Rh8 39. Ba3 Kh7 40. Bc1 Nd5 41. c4 bxc4 42. bxc4 Nb6 43. Rd6 Qa4 44. Qxa4 Nxa4 45. Ra3 Nc5 46. Ra7 Rc8 47. Be3 f4 48. Bxc5,e4,c5,Nf3,e6,d4,cxd4,Nxd4,Nc6,Nc3,Qc7,Be3,a6,Bd3,b5,Nxc6,Qxc6,e5,Bb4,O-O,f5
"Leko,P",San Luis ARG,0.0,"Sicilian Defense: Taimanov Variation, Bastrikov Variation, English Attack",1. e4 c5 2. Nf3 e6 3. d4 cxd4 4. Nxd4 Nc6 5. Nc3 Qc7 6. Be3 a6 7. Qd2 Nf6 8. O-O-O Bb4 9. f3 Ne7 10. Nde2 b5 11. g4 h6 12. Rg1 Ng6 13. a3 Be7 14. f4 b4 15. axb4 Bxb4 16. Qd4 Qa5 17. Kb1 Rb8 18. g5 Nh5 19. gxh6 Rxh6 20. Rg5 Qc7 21. Nb5 Rxb5 22. Rxb5 axb5 23. Qxb4 Nhxf4 24. Nc3 Rxh2 25. Bg1,e4,c5,Nf3,e6,d4,cxd4,Nxd4,Nc6,Nc3,Qc7,Be3,a6,Qd2,Nf6,O-O-O,Bb4,f3,Ne7,Nde2,b5
"Anand,V",San Luis ARG,0.0,"Sicilian Defense: Taimanov Variation, Bastrikov Variation, English Attack",1. e4 c5 2. Nf3 e6 3. d4 cxd4 4. Nxd4 Nc6 5. Nc3 Qc7 6. Be3 a6 7. Qd2 Nf6 8. O-O-O Bb4 9. f3 Ne7 10. Nde2 b5 11. Bf4 e5 12. Bg5 Bb7 13. Kb1 Ba5 14. Bxf6 gxf6 15. Qh6 Qb6 16. g3 Qe6 17. Bh3 f5 18. Qh4 f6 19. exf5 Qf7 20. Ne4 Bxe4 21. fxe4 Nc6 22. Rd6 O-O 23. Rhd1 Ra7 24. Bf1 Rc7 25. Nc1 Bb4 26. R6d5 Rfc8 27. Nb3 Bf8 28. c3 Kh8 29. g4 Qg7 30. Qg3 Ra8 31. a3 Rac8 32. Nc1 Na5 33. Na2 Nb3 34. h4 Nc5 35. Bd3 Na4 36. Bc2 Nb6 37. R5d3 d5 38. exd5 Bd6 39. Bb3 a5 40. Qf2 Nc4 41. Qe2 Rg8 42. Rg1 Qh6 43. Rdd1 a4 44. Bxc4 Rxc4 45. g5 fxg5 46. hxg5 Rxg5 47. Qe3 Rf4 48. Qb6 Rgxf5 49. Qxb5 Rf8 50. Nb4 e4 51. Rde1 Rh4 52. Ka1 e3 53. Qxa4 Re4 54. Qa6 Rfe8 55. Re2 Qf8 56. Qd3 Qf6 57. Nc2 Bc5 58. Rge1 Qe5 59. b4 Bb6 60. Kb2 h5 61. d6 Qf5 62. Rxe3,e4,c5,Nf3,e6,d4,cxd4,Nxd4,Nc6,Nc3,Qc7,Be3,a6,Qd2,Nf6,O-O-O,Bb4,f3,Ne7,Nde2,b5
"Sutovsky,E",Rishon Le Zion ISR,1.0,"Sicilian Defense: Taimanov Variation, Bastrikov Variation",1. e4 c5 2. Nc3 Nc6 3. Nf3 e6 4. d4 cxd4 5. Nxd4 Qc7 6. g3 a6 7. Bg2 d6 8. O-O Bd7 9. Re1 Nf6 10. Nxc6 bxc6 11. Na4 Be7 12. c4 O-O 13. c5 Rad8 14. Bf4 e5 15. cxd6 Bxd6 16. Bg5 Be7 17. Qc2 c5 18. Rac1 c4 19. b3 Bxa4 20. bxa4 c3 21. Bxf6 gxf6 22. Re3 Bb4 23. a3 Rd2 24. axb4 Rxc2 25. Rxc2 Qc4 26. Rexc3 Qxb4 27. Rc4 Qb1+ 28. Rc1 Qb7 29. Rd1 Qb3 30. Rdc1 Rd8 31. Bf1 a5 32. Rc8 Rxc8 33. Rxc8+ Kg7 34. Rc4 Qb7 35. h4 Qb1 36. Kg2 f5 37. f3 Qb2+ 38. Kg1 fxe4 39. fxe4 h5 40. Bd3 Qa3 41. Bf1 Qxg3+ 42. Bg2 Qe1+ 43. Kh2 Qxh4+ 44. Kg1 Qe1+ 45. Kh2 h4 46. Rc6 Qg3+ 47. Kh1 h3 48. Bf1 Qf3+,e4,c5,Nc3,Nc6,Nf3,e6,d4,cxd4,Nxd4,Qc7,g3,a6,Bg2,d6,O-O,Bd7,Re1,Nf6,Nxc6,bxc6
"Carlsen,M",Rishon Le Zion ISR,0.0,Trompowsky Attack,1. d4 Nf6 2. Bg5 Ne4 3. Bf4 d5 4. e3 Bf5 5. f3 Nf6 6. c4 e6 7. Nc3 Bb4 8. Qb3 Nc6 9. a3 Bxc3+ 10. Qxc3 O-O 11. Ne2 Bg6 12. h4 Re8 13. g4 dxc4 14. e4 Nxe4 15. fxe4 Bxe4 16. Rh2 Bd3 17. O-O-O Ne7 18. Qd2 Nd5 19. Nc3 Bxf1 20. Rxf1 b5 21. g5 a5 22. Nxb5 Rb8 23. Nc3 Rb3 24. Nxd5 Qxd5 25. Be5 Reb8 26. Qf4 Qd7 27. Rc2 c3 28. bxc3 Rxa3 29. Kd2 a4 30. h5 Rab3 31. h6 Rb2 32. hxg7 Rxc2+ 33. Kxc2 a3 34. g6 Rb2+ 35. Kc1 hxg6 36. Rh1 Rb1+ 37. Kxb1 Qb5+ 38. Kc2 Qe2+ 39. Kb3 Qb2+ 40. Kc4 Qe2+ 41. Kb4 Qb2+ 42. Ka4 Qc2+ 43. Kb4 Qb2+ 44. Kc4 Qa2+ 45. Kd3,d4,Nf6,Bg5,Ne4,Bf4,d5,e3,Bf5,f3,Nf6,c4,e6,Nc3,Bb4,Qb3,Nc6,a3,Bxc3+,Qxc3,O-O
"Topalov,V",Bilbao ESP,0.0,"Sicilian Defense: Taimanov Variation, Bastrikov Variation, English Attack",1. e4 c5 2. Nf3 e6 3. d4 cxd4 4. Nxd4 Nc6 5. Nc3 Qc7 6. Be3 a6 7. f3 Bb4 8. Nxc6 Qxc6 9. Qd4 Bxc3+ 10. bxc3 f6 11. c4 b5 12. Rb1 Qc7 13. Qc5 Qa5+ 14. Kf2 Ne7 15. Be2 Kf7 16. a4 d6 17. Qxd6 bxa4 18. Rhd1 a3 19. Bc5 Re8 20. Bxa3 Ra7 21. Qc5 Qc7 22. Qxc7 Rxc7 23. Bd6 Rc6 24. c5 Rd8 25. Rb8 Ke8 26. Ra1 e5 27. c3 Ng6 28. Bd1 Bd7 29. Rxd8+ Kxd8 30. Ba4 Rc8 31. Bxd7 Kxd7 32. Rxa6 Nf4 33. Ra7+ Kc6 34. g3 Nd3+ 35. Ke3 Nb2 36. Rxg7 Nc4+ 37. Kd3 Nb2+ 38. Kc2 Nc4 39. Rxh7 Ra8 40. Kb3 Nd2+ 41. Kb4 Rc8 42. Rf7 Nxf3 43. Rxf6 Nd2 44. Bxe5+ Kb7 45. Rb6+ Ka7 46. Kb5,e4,c5,Nf3,e6,d4,cxd4,Nxd4,Nc6,Nc3,Qc7,Be3,a6,f3,Bb4,Nxc6,Qxc6,Qd4,Bxc3+,bxc3,f6
"Anand,V",Canada de Calatrava ESP,0.5,"Sicilian Defense: Taimanov Variation, Bastrikov Variation, English Attack",1. e4 c5 2. Nf3 e6 3. d4 cxd4 4. Nxd4 Nc6 5. Nc3 Qc7 6. Be3 a6 7. Qd2 Nf6 8. O-O-O Bb4 9. f3 O-O 10. g4 b5 11. g5 Nh5 12. Kb1 Nxd4 13. Qxd4 Bxc3 14. Qxc3 Qxc3 15. bxc3 d5 16. Be2 g6 17. exd5 exd5 18. Rhe1 Re8 19. Bd3 Bd7 20. Re2 f6 21. Rde1 Kf7 22. Kb2 Rac8 23. gxf6 Nxf6 24. Bd4 Rxe2 25. Rxe2 Ne8 26. Be5 Rc6 27. h4 Nd6 28. Bf4 Nc4+ 29. Kc1 Bf5 30. Bg5 Re6 31. Bxc4,e4,c5,Nf3,e6,d4,cxd4,Nxd4,Nc6,Nc3,Qc7,Be3,a6,Qd2,Nf6,O-O-O,Bb4,f3,O-O,g4,b5
"Topalov,V",Bilbao ESP,0.0,Sicilian Defense: Taimanov Variation,1. e4 c5 2. Nc3 Nc6 3. Nf3 e6 4. d4 cxd4 5. Nxd4 a6 6. Nxc6 bxc6 7. e5 Qc7 8. Qe2 a5 9. f4 d5 10. exd6 Bxd6 11. Ne4 Bxf4 12. Bxf4 Qxf4 13. g3 Qe5 14. O-O-O Ke7 15. Qf3 Nf6 16. Qa3+ c5 17. Nxc5 Nd5 18. Bg2 Nb4 19. Nd3 Qe3+ 20. Kb1 Rb8 21. Rhe1 Qb6 22. c3 Ba6 23. Ne5 Rhd8 24. cxb4,e4,c5,Nc3,Nc6,Nf3,e6,d4,cxd4,Nxd4,a6,Nxc6,bxc6,e5,Qc7,Qe2,a5,f4,d5,exd6,Bxd6
"Anand,V",Mainz GER,0.5,Sicilian Defense: Taimanov Variation,1. e4 c5 2. Nf3 e6 3. d4 cxd4 4. Nxd4 Nc6 5. Nc3 a6 6. Be2 Nf6 7. Nxc6 bxc6 8. e5 Nd5 9. Ne4 f5 10. exf6 Nxf6 11. Nd6+ Bxd6 12. Qxd6 Qe7 13. Bf4 Bb7 14. Bf3 Kf7 15. O-O-O a5 16. Rhe1 a4 17. Qxe7+ Kxe7 18. Bd6+ Kf7 19. Rd4 Ra5 20. Rb4 Ba8 21. Re5 Ra7 22. Rf4 Rc8 23. Ree4 a3 24. b3 c5 25. Rc4 Bxf3 26. Rxf3 Rc6 27. Bxc5 Rac7 28. Bxa3 Rxc4 29. bxc4 Rxc4 30. Kb2 e5 31. Kb3 d5 32. Bb2 Ke6 33. Rc3 Rg4 34. g3 Ne4 35. Rc7 Nd2+ 36. Kc3 Ne4+ 37. Kd3 Nxf2+ 38. Ke2 Ne4 39. Rc6+ Kd7 40. Rb6 Nd6 41. Kf3 Re4 42. Bc1 Rc4 43. Rb2 Rc3+ 44. Ke2 Nc4 45. Bd2 Ra3 46. Rb7+ Ke6 47. Rxg7 Rxa2 48. Kd1 Ra1+ 49. Ke2 Ra2 50. Kd1 d4 51. Bc1 Ra1 52. Rxh7 e4 53. Rh4 Nb2+ 54. Kd2 Nc4+ 55. Kd1 Kd5 56. Rh5+ Kc6 57. Rh4 Nb2+ 58. Kd2 e3+ 59. Ke2 Rxc1 60. Rxd4 Rxc2+ 61. Kxe3 Rxh2,e4,c5,Nf3,e6,d4,cxd4,Nxd4,Nc6,Nc3,a6,Be2,Nf6,Nxc6,bxc6,e5,Nd5,Ne4,f5,exf6,Nxf6
"Najer,E",Natanya ISR,0.0,"Sicilian Defense: Taimanov Variation, Bastrikov Variation, English Attack",1. e4 c5 2. Nf3 e6 3. d4 cxd4 4. Nxd4 Nc6 5. Nc3 Qc7 6. Be3 a6 7. Qd2 Nf6 8. O-O-O Bb4 9. f3 Ne5 10. Nb3 b5 11. Qe1 Be7 12. f4 Nc4 13. e5 Ng4 14. Bd4 Bb7 15. Kb1 O-O 16. Ne4 Nce3 17. Bxe3 Bxe4 18. Bd3 Bxd3 19. Rxd3 Rac8 20. Rc3 Qb7 21. Bc5 Bxc5 22. Nxc5 Qd5 23. Qe2 b4 24. Rd1 Qxd1+ 25. Qxd1 bxc3 26. b4 Ne3 27. Qd4 Nd5 28. a3 Rc6 29. f5 d6 30. fxe6 dxc5 31. exf7+ Kxf7 32. Qxd5+ Re6 33. Qxc5 Rfe8 34. Qc4 Kf8 35. Ka2 Ke7 36. Qxc3 Kd7 37. Qd3+ Kc7 38. Qxh7 R8e7 39. Qd3 Kb7 40. Qd5+ Kc7 41. Qc4+ Kb6 42. Qc8 Rc6 43. Qf5 Rce6 44. Qf2+ Kb7 45. Qf3+ Kb6 46. Kb3 Rxe5 47. c3 Re3 48. Qf4 Kb7 49. a4 R3e5 50. a5 Re3 51. h4 R3e4 52. Qf2 Re3 53. Qd2 R3e6 54. h5 Re5 55. g4 R5e6 56. Qd5+ Rc6 57. Qd4 Rce6 58. g5 Rc6 59. Qd5 Kc7 60. Qg8 Kb7 61. Qf8 Rec7 62. Qf3 Ka7 63. Qe3+ Kb7 64. Qe4 Kb8 65. c4 Rd6 66. Qf4 Rd3+ 67. Ka4 Rc3 68. c5 Rd3 69. Qc4 Rd1 70. Qxa6 Rb7 71. Qc4 Ra1+ 72. Kb3 Rb1+ 73. Ka3 Ra1+ 74. Kb2 Rg1 75. Qf4+ Ka7 76. c6 Rg2+ 77. Kc3 Re7 78. Qd4+,e4,c5,Nf3,e6,d4,cxd4,Nxd4,Nc6,Nc3,Qc7,Be3,a6,Qd2,Nf6,O-O-O,Bb4,f3,Ne5,Nb3,b5
"Eljanov,P",Natanya ISR,1.0,"Sicilian Defense: Taimanov Variation, Bastrikov Variation",1. e4 c5 2. Ne2 e6 3. Nbc3 Nc6 4. d4 cxd4 5. Nxd4 Qc7 6. Be2 a6 7. O-O Nf6 8. Bg5 Bc5 9. Bxf6 gxf6 10. Nb3 Bd6 11. g3 h5 12. Bxh5 b5 13. f4 Bb7 14. Bf3 O-O-O 15. Qd2 Rdg8 16. Ne2 Qb6+ 17. Kg2 Bb8 18. Rad1 d6 19. Rc1 Kd8 20. c4 bxc4 21. Rxc4 Ke7 22. Nbd4 Rc8 23. Nxc6+ Bxc6 24. Nc3 Bb5 25. Rb4 Bxf1+ 26. Kxf1 Qc5 27. Rb7+ Rc7 28. Rxc7+ Bxc7 29. Kg2 Bb6 30. h4 Qg1+ 31. Kh3 Rg8 32. Ne2 Qf2 33. Qd3 Qe3 34. Qxe3 Bxe3 35. Nc3 Bd4 36. Na4 Bf2 37. g4 Be3 38. f5 Rc8 39. Be2 a5 40. Kg2 Rc2 41. Kf3 Bd4 42. h5 Bxb2 43. Bd3 Rd2 44. Bc4 Bd4 45. Bb3 d5 46. exd5 e5 47. d6+ Kxd6 48. Bxf7 Rf2+ 49. Kg3 e4 50. h6 e3 51. h7 Be5+,e4,c5,Ne2,e6,Nbc3,Nc6,d4,cxd4,Nxd4,Qc7,Be2,a6,O-O,Nf6,Bg5,Bc5,Bxf6,gxf6,Nb3,Bd6
"Smirin,I",Natanya ISR,1.0,"Sicilian Defense: Taimanov Variation, Bastrikov Variation",1. e4 c5 2. Nf3 e6 3. d4 cxd4 4. Nxd4 Nc6 5. Nc3 Qc7 6. f4 a6 7. Be3 b5 8. Bd3 Bb7 9. Qd2 Nf6 10. e5 Ng4 11. Bg1 Nxd4 12. Bxd4 Bc5 13. Be2 Nh6 14. O-O-O Bxd4 15. Qxd4 Nf5 16. Qf2 O-O 17. Bd3 b4 18. Ne4 Rac8 19. Kb1 Rfd8 20. g4 Ne7 21. Nd6 Bxh1 22. Rxh1 Qc5 23. Qh4 Ng6 24. Bxg6 hxg6 25. Rc1 Qd4 26. Nxc8 Rxc8 27. Qg5 a5 28. b3 Ra8 29. h4 a4 30. bxa4 Qa7 31. Rd1 Qxa4 32. Kc1 Rc8 33. Rd2 b3,e4,c5,Nf3,e6,d4,cxd4,Nxd4,Nc6,Nc3,Qc7,f4,a6,Be3,b5,Bd3,Bb7,Qd2,Nf6,e5,Ng4
"Sutovsky,E",Natanya ISR,1.0,"Sicilian Defense: Taimanov Variation, Bastrikov Variation, English Attack",1. e4 c5 2. Nf3 e6 3. d4 cxd4 4. Nxd4 Nc6 5. Nc3 Qc7 6. Be3 a6 7. Qd2 Nf6 8. O-O-O Bb4 9. f3 Ne5 10. Nb3 b5 11. Qe1 Be7 12. f4 Nc4 13. e5 Ng4 14. Bd4 Bb7 15. Bxc4 bxc4 16. Nd2 Nh6 17. Qe2 Rc8 18. Nde4 Nf5 19. g4 Nxd4 20. Rxd4 O-O 21. g5 Bxe4 22. Nxe4 Qa5 23. Kb1 c3 24. Rhd1 Rb8 25. b3 Rfc8 26. Qd3 Bb4 27. Rc4 Rxc4 28. Qxc4 d5 29. exd6 Qa3 30. Nxc3 Bxd6 31. Ne4 Bf8 32. Rd7 Qa5 33. a4 Qe1+ 34. Ka2 Rb4 35. Qc8 Rxe4 36. Rb7 Qc1 37. b4 Re3,e4,c5,Nf3,e6,d4,cxd4,Nxd4,Nc6,Nc3,Qc7,Be3,a6,Qd2,Nf6,O-O-O,Bb4,f3,Ne5,Nb3,b5
"Smirin,I",Natanya ISR,0.0,"Sicilian Defense: Taimanov Variation, Bastrikov Variation",1. e4 c5 2. Nf3 e6 3. d4 cxd4 4. Nxd4 Nc6 5. Nc3 Qc7 6. f4 a6 7. Be3 b5 8. Bd3 Bb7 9. Qd2 Nf6 10. e5 Ng4 11. Bg1 Nxd4 12. Bxd4 Bc5 13. Be2 Nh6 14. O-O-O Bxd4 15. Qxd4 Rc8 16. Rd2 Nf5 17. Qb4 Qc5 18. Qxc5 Rxc5 19. Bd3 Ne3 20. Rg1 Ke7 21. Re2 Nd5 22. Nxd5+ Bxd5 23. b3 Rhc8 24. Kd2 a5 25. f5 b4 26. g4 Bc6 27. a4 bxa3 28. c4 Rb8 29. Kc3 Bf3 30. Re3 Ba8 31. Ra1 f6 32. exf6+ gxf6 33. Rxa3 e5 34. Rh3 d5 35. Rxh7+ Kd6 36. Rf7 d4+ 37. Kd2 e4 38. Rxf6+ Ke5 39. Re6+ Kf4 40. f6 exd3 41. Kxd3 Kxg4 42. Kxd4 Rf5 43. c5 Rf4+ 44. Kc3 Rf3+ 45. Kd4 Rb4+ 46. Ke5 Rd3 47. f7 Re4+ 48. Kf6 Rf3+ 49. Ke7 Rxf7+ 50. Kxf7 Bd5 51. Ra4 Bxe6+ 52. Ke7 Rxa4 53. bxa4 Kf5 54. c6 Ke5 55. c7 Kd5 56. h4 Bg4 57. h5 Kc6 58. h6,e4,c5,Nf3,e6,d4,cxd4,Nxd4,Nc6,Nc3,Qc7,f4,a6,Be3,b5,Bd3,Bb7,Qd2,Nf6,e5,Ng4
"Tiviakov,S",Hoogeveen NED,0.0,Sicilian Defense: Taimanov Variation,1. e4 c5 2. Nf3 e6 3. d4 cxd4 4. Nxd4 Nc6 5. Nc3 a6 6. g3 d6 7. Bg2 Bd7 8. O-O Nf6 9. Nxc6 Bxc6 10. a4 Be7 11. Be3 O-O 12. a5 Nd7 13. Qd2 Qc7 14. Rfe1 Rac8 15. Bd4 Ne5 16. b3 Be8 17. Re3 Nd7 18. Re2 Bf6 19. Bxf6 Nxf6 20. Na2 Bd7 21. c4 Rfd8 22. Nb4 e5 23. Kh1 Ra8 24. f4 Re8 25. Re3 b5 26. axb6 Qxb6 27. Rae1 a5 28. fxe5 Rxe5 29. Nd3 Qd4 30. R3e2 Rb8 31. Nxe5 Qxe5 32. Qd3 h5 33. Rd2 Rb6 34. Qd4 Rxb3 35. Qxd6 Qxd6 36. Rxd6 Be6 37. c5 Ng4 38. c6 Rc3 39. e5 a4 40. Kg1 a3 41. Rd8+ Kh7 42. Rd3 Rc5 43. Rxa3 Nxe5 44. Ra6 g6 45. c7 Bc8 46. Rd6 Ng4 47. Rc6 Ra5 48. h3 Ne5 49. Rd6 Rc5 50. Rd5 Rxd5,e4,c5,Nf3,e6,d4,cxd4,Nxd4,Nc6,Nc3,a6,g3,d6,Bg2,Bd7,O-O,Nf6,Nxc6,Bxc6,a4,Be7
"Gashimov,V",Moscow RUS,0.0,Sicilian Defense: Taimanov Variation,1. e4 c5 2. Nc3 Nc6 3. Nf3 e6 4. d4 cxd4 5. Nxd4 a6 6. g4 d6 7. Be3 Bd7 8. Qe2 Rc8 9. O-O-O Nge7 10. Nb3 Ng6 11. h4 b5 12. f4 Qc7 13. h5 Nge7 14. Kb1 Nd8 15. Qd2 b4 16. Ne2 d5 17. Bg2 Bc6 18. e5 a5 19. Nbd4 Bd7 20. f5 a4 21. Rhf1 b3 22. cxb3 axb3 23. a3 Qb8 24. Nf4 Nec6 25. fxe6 fxe6 26. Bxd5 Nxd4 27. Bxd4 Rc2 28. Qe3 exd5 29. e6 Bb5 30. Qxb3 Rc4 31. Nxd5 Nc6 32. Qxb5 Qxb5 33. Nc7+ Ke7 34. Rf7+ Kd6 35. Rd7#,e4,c5,Nc3,Nc6,Nf3,e6,d4,cxd4,Nxd4,a6,g4,d6,Be3,Bd7,Qe2,Rc8,O-O-O,Nge7,Nb3,Ng6
"Kosteniuk,A",Moscow RUS,0.0,Sicilian Defense: Taimanov Variation,1. e4 c5 2. Nf3 e6 3. d4 cxd4 4. Nxd4 a6 5. Nc3 Nc6 6. Be2 Qc7 7. O-O b5 8. Re1 Bb7 9. Nxc6 dxc6 10. Bf3 Bd6 11. g3 Ne7 12. Qe2 Be5 13. Bg2 c5 14. Be3 Bd4 15. Nd1 O-O 16. c3 Bxe3 17. Nxe3 Rad8 18. a4 c4 19. axb5 axb5 20. Nc2 Rd7 21. Nd4 Qb6 22. e5 Bxg2 23. Kxg2 Nc6 24. Nf3 Rd3 25. Qe4 h6 26. Ra2 Rfd8 27. Rea1 Qc5 28. Ra6 Ne7 29. Ra8 g6 30. R1a7 Qc6 31. Rxd8+ Rxd8 32. Qh4 Rd3 33. Qf6 Rd7 34. Rxd7 Qxd7 35. Nd4 b4 36. h4 h5 37. Qf3 bxc3 38. bxc3 Qc7 39. Qe4 Nd5 40. Ne2 Qc5 41. Qb1 Ne7 42. Qb8+ Kg7 43. Qd6 Qxd6 44. exd6 Nc6 45. d7 Kf6 46. Nd4 Nd8 47. Nb5 Ke7 48. Na3 Kxd7 49. Nxc4 f6 50. Kf3 Kc6 51. Ke4 Kc5 52. Kd3 Nc6 53. Ne3 Ne5+ 54. Ke4 Nf7 55. Kd3 Nd6 56. Nc2 e5 57. Ne3 g5 58. Ke2 Ne4 59. c4 Nd6 60. Nd5 Ne8 61. Ne3 Kd4 62. Nf5+ Kxc4 63. g4 Nc7 64. gxh5 Ne6 65. h6 Nf8 66. hxg5 fxg5 67. Kf3 Kd3 68. Kg4 Ke2 69. Kxg5 Kxf2 70. Kf6 e4 71. Kf7 Nh7 72. Kg6 Nf8+ 73. Kg7 Ne6+ 74. Kf6 Nf8 75. Nd4 e3 76. Kg7 Ne6+ 77. Nxe6 e2 78. Nf4,e4,c5,Nf3,e6,d4,cxd4,Nxd4,a6,Nc3,Nc6,Be2,Qc7,O-O,b5,Re1,Bb7,Nxc6,dxc6,Bf3,Bd6
"Guseinov,G",Baku AZE,1.0,"Sicilian Defense: Taimanov Variation, Bastrikov Variation",1. e4 c5 2. Nf3 e6 3. d4 cxd4 4. Nxd4 Nc6 5. Nc3 Qc7 6. g3 a6 7. Bg2 d6 8. O-O Bd7 9. Nxc6 Bxc6 10. a4 Nf6 11. Be3 Be7 12. a5 O-O 13. Re1 Rae8 14. Bb6 Qb8 15. Bd4 Nd7 16. Na4 Bd8 17. Nb6 Bxb6 18. Bxb6 f5 19. Ra3 fxe4 20. Bxe4 Bxe4 21. Rxe4 d5 22. Re1 Qd6 23. Rb3 e5 24. Qd2 Re7 25. Rd1 d4 26. c3 Qd5 27. Qc2 Ref7 28. Rf1 d3 29. c4 dxc2 30. cxd5 Nxb6,e4,c5,Nf3,e6,d4,cxd4,Nxd4,Nc6,Nc3,Qc7,g3,a6,Bg2,d6,O-O,Bd7,Nxc6,Bxc6,a4,Nf6
Nguyen Ngoc Truong Son,Cap d'Agde FRA,0.5,Trompowsky Attack,1. d4 Nf6 2. Bg5 Ne4 3. Bf4 d5 4. e3 Nd7 5. Bd3 c5 6. Bxe4 dxe4 7. Nc3 Qa5 8. Ne2 Nf6 9. O-O Bg4 10. h3 cxd4 11. hxg4 dxc3 12. Nxc3 g5 13. b4 Qxb4 14. Be5 Bg7 15. Nd5 Qc5 16. Nc7+ Kf8 17. Nxa8 Qxe5 18. Qd8+ Ne8 19. Rad1 Bf6 20. Rd5 Qc3 21. Qa5 Qxc2 22. Qxa7 Kg7 23. Qc5 Qxa2 24. Nb6 h6 25. Nd7 e6 26. Rdd1 Qe2 27. Qb4 Qxg4 28. Qxb7 h5 29. Nc5 h4 30. Qxe4 Qxe4 31. Nxe4 Kg6 32. Rd7 Bg7 33. Ra7 Nf6 34. Nd6 Rf8 35. Rb1 Ng4 36. Rb4 Ne5 37. Rb1 Rd8 38. Ne4 Rd5 39. Rab7 Rd3 40. R7b3 Rd8 41. Rb5 Rd3 42. Kf1 Ra3 43. R5b3 Ra4 44. Rb4 Ra3 45. Nd2 Ra2 46. R4b2 Ra4 47. Rc2 Kf5 48. Rb5 Kg6 49. Rcc5 Ra2 50. Ke2 f6 51. Ra5 Rb2 52. Rcb5 Rc2 53. Kd1 Rc7 54. Ke2 Rc2 55. Rc5 Rb2 56. Rab5 Ra2 57. Ra5,d4,Nf6,Bg5,Ne4,Bf4,d5,e3,Nd7,Bd3,c5,Bxe4,dxe4,Nc3,Qa5,Ne2,Nf6,O-O,Bg4,h3,cxd4
"Ivanchuk,V",Mexico City MEX,1.0,Sicilian Defense: Godiva Variation,1. e4 c5 2. Nf3 Nc6 3. d4 cxd4 4. Nxd4 Qb6 5. Nb3 Nf6 6. Nc3 e6 7. Qe2 Bb4 8. Bd2 O-O 9. e5 Ne8 10. a3 Be7 11. O-O-O a6 12. f4 Qc7 13. g3 b5 14. Bg2 Rb8 15. Ne4 a5 16. Be3 a4 17. Nd4 Nxd4 18. Rxd4 f5 19. Nc3 Qa5 20. Na2 Nc7 21. Rhd1 Na6 22. c3 Nc5 23. Kb1 Nb3 24. R4d3 Nc5 25. R3d2 Nb3 26. Rc2 Qc7 27. Nc1 Na5 28. Nd3 Nc4 29. Bd4 Bb7 30. Bxb7 Rxb7 31. g4 Qc6 32. gxf5 Rxf5 33. Rg1 Na5 34. Qe3 Nb3 35. Rcg2 Bf8 36. Nf2 g6 37. Ng4 Bg7 38. h4 d5 39. Rh2 Rh5 40. Nf6+ Bxf6 41. exf6 Rf7 42. Be5 Qc4 43. Qb6 Qc5 44. Qd8+ Qf8 45. Qb6 Qc5 46. Qb8+ Rf8 47. f7+ Kxf7 48. Qb7+ Qe7 49. Qxb5 Qa7 50. Re1 Rd8 51. Qc6 Qd7 52. Qb6 Rc8 53. Rhe2 Rxh4 54. Qg1 Rh5 55. Rh2 Rxh2 56. Qxh2 Kg8 57. Rg1 Rf8 58. Qe2 Qf7 59. Qb5 Nd2+ 60. Ka2 Nf3 61. Rd1 Nxe5 62. fxe5 Qe8 63. Qb6 Rf4 64. Rg1 Qc8 65. Ka1 Rf7 66. Rg4 Qe8 67. Qa6 Kg7 68. Rxa4 h5 69. Rb4 Rf5 70. Rb7+ Kh6 71. Qe2 Qa4 72. Rb4 Qa7 73. Ka2 g5 74. Qb5 h4 75. Qe8 Qf7 76. Qh8+ Qh7 77. Qc8 Kh5 78. Qxe6 Qf7 79. Qc8 Qf8 80. Qd7 Qf7 81. Qc8 Qf8 82. Qa6 Rxe5 83. Rb7 Qg8 84. Qd3 Kg4 85. Rb4+ Re4 86. Rb5 h3 87. Rxd5 Qe6 88. c4 h2 89. Qd1+ Kh4 90. Qd2 Kh3 91. Rd3+ Kg4 92. Qxh2 Qxc4+ 93. Rb3 Rf4 94. Qg2+ Kf5 95. Qh3+ g4 96. Qh5+ Kf6 97. Qh6+ Kf5 98. Qh7+ Kf6 99. Qh8+ Kg6 100. Qc3 Qe6 101. Qd3+ Kg5 102. Kb1 Qe1+ 103. Ka2 Qe6 104. Qe3 Qd5 105. a4 Kf5 106. Qd3+ Qxd3 107. Rxd3 Rxa4+ 108. Kb3 Rf4 109. Kc3 Kg5 110. b4 Kh4 111. Rd8 g3 112. Rh8+ Kg4 113. Kd2 Kf3 114. b5 g2 115. Rg8 Rg4,e4,c5,Nf3,Nc6,d4,cxd4,Nxd4,Qb6,Nb3,Nf6,Nc3,e6,Qe2,Bb4,Bd2,O-O,e5,Ne8,a3,Be7
"Vovk,A",Warsaw POL,1.0,"Sicilian Defense: Taimanov Variation, Bastrikov Variation",1. e4 c5 2. Nf3 e6 3. d4 cxd4 4. Nxd4 Nc6 5. Nc3 Qc7 6. a3 a6 7. Be3 b5 8. Nxc6 Qxc6 9. Be2 Bb7 10. O-O Nf6 11. Bf3 e5 12. Bg5 Bc5 13. Qd3 h6 14. Bxf6 Qxf6 15. Nd5 Bxd5 16. Qxd5 Rc8 17. c3 O-O 18. Bg4 Rc7 19. Rad1 g6 20. Rd3 h5 21. Be2 Kg7 22. Rf3 Qe7 23. Rd1 Rb8 24. Kh1 Rb6 25. Rxf7+ Qxf7 26. Qxe5+ Kh6 27. Qxc7 Qxf2 28. Bf3 Rd6 29. Ra1 Qxb2 30. Rf1 Qxc3 31. Qd8 Rd2 32. h4 Qe5 33. Qg8 Qf6 34. g3 Qb2 35. Bg2 Rxg2,e4,c5,Nf3,e6,d4,cxd4,Nxd4,Nc6,Nc3,Qc7,a3,a6,Be3,b5,Nxc6,Qxc6,Be2,Bb7,O-O,Nf6
"Neiksans,A",Warsaw POL,1.0,Sicilian Defense: Godiva Variation,1. e4 c5 2. Nf3 Nc6 3. d4 cxd4 4. Nxd4 Qb6 5. Nb3 Nf6 6. Nc3 e6 7. Be3 Qc7 8. Bd3 a6 9. f4 h5 10. h3 b5 11. O-O Bb7 12. Nc5 Qb6 13. Nxb7 Qxe3+ 14. Kh1 Ng4 15. Qe1 Rb8 16. Nd5 Qxe1 17. Raxe1 Rxb7 18. hxg4 hxg4+ 19. Kg1 exd5 20. exd5+ Kd8 21. dxc6 Bc5+ 22. Rf2 g3,e4,c5,Nf3,Nc6,d4,cxd4,Nxd4,Qb6,Nb3,Nf6,Nc3,e6,Be3,Qc7,Bd3,a6,f4,h5,h3,b5
"Lintchevski,D",Warsaw POL,0.5,"Sicilian Defense: Taimanov Variation, Bastrikov Variation",1. e4 c5 2. Nf3 e6 3. d4 cxd4 4. Nxd4 Nc6 5. Nc3 Qc7 6. Be2 a6 7. O-O b5 8. Nxc6 dxc6 9. f4 Bb7 10. e5 c5 11. Bf3 Rd8 12. Qe2 Nh6 13. Be3 Be7 14. Rad1 O-O 15. Rxd8 Rxd8 16. Rd1 Rxd1+ 17. Qxd1 Nf5 18. Bf2 b4 19. Ne4 Bd5 20. c3 Qa5 21. g4 Nh4 22. Bxh4 Bxh4 23. c4 Bxc4 24. Qd6 Bd8 25. b3 Bd5 26. Qd7 h6 27. Qe8+ Kh7 28. Qxf7 Qxa2 29. f5 Qb1+ 30. Kg2 Bxe4 31. Qg6+ Kh8 32. Qe8+ Kh7 33. Qg6+,e4,c5,Nf3,e6,d4,cxd4,Nxd4,Nc6,Nc3,Qc7,Be2,a6,O-O,b5,Nxc6,dxc6,f4,Bb7,e5,c5
"Poetsch,H",Aix-les-Bains FRA,0.5,"Sicilian Defense: Taimanov Variation, Bastrikov Variation, English Attack",1. e4 c5 2. Nf3 e6 3. Nc3 Nc6 4. d4 cxd4 5. Nxd4 Qc7 6. Be3 a6 7. Qd2 Nf6 8. O-O-O Bb4 9. f3 Ne7 10. a3 Bxc3 11. Qxc3 Qxc3 12. bxc3 d5 13. e5 Nd7 14. f4 b6 15. Nb3 Bb7 16. a4 Rc8 17. a5 b5 18. Bd4 f6 19. exf6 gxf6 20. Re1 Kf7 21. g3 Nf5 22. Bh3 Rhe8 23. Bxf5 exf5 24. Rxe8 Rxe8 25. Kd2 Bc8 26. Re1 Re4,e4,c5,Nf3,e6,Nc3,Nc6,d4,cxd4,Nxd4,Qc7,Be3,a6,Qd2,Nf6,O-O-O,Bb4,f3,Ne7,a3,Bxc3
"Ganguly,S",Ningbo CHN,1.0,Sicilian Defense: Taimanov Variation,1. e4 c5 2. Nf3 e6 3. d4 cxd4 4. Nxd4 Nc6 5. Nc3 a6 6. Nxc6 bxc6 7. Bd3 d5 8. O-O Nf6 9. Re1 Be7 10. e5 Nd7 11. Qg4 g6 12. b3 h5 13. Qf3 Qc7 14. Na4 Bb7 15. Qe2 h4 16. h3 c5 17. c4 d4 18. Bf4 Bc6 19. Be4 Rh5 20. Nb2 Qb7 21. Bxc6 Qxc6 22. Nd3 a5 23. Rab1 Kf8 24. Bd2 Kg7 25. a4 Rf5 26. f4 Qc7 27. Rf1 Nb8 28. Nf2 Nc6 29. Ne4 Rh5 30. Rf3 Rg8 31. Rbf1 Kf8 32. Qe1 Rf5 33. Qe2 Rh5 34. Qe1 Ke8 35. Nf2 Kd7 36. Ng4 Kc8 37. Qe4 Kb7 38. Rd3 Ka6 39. Rdf3 Rb8 40. Rd3 Rhh8 41. Qe2 Rb7 42. Rff3 Rhb8 43. Qe1 Rb6 44. Kh1 Qc8 45. Qe2 R8b7 46. Qe1 Qb8 47. Qd1 Bd8 48. Kg1 g5 49. Nh6 gxf4 50. Bxf4 Bc7 51. Nxf7 Nxe5 52. Bxe5 Bxe5 53. Nxe5 Qxe5 54. Rf8 Qe4 55. Qd2 Rg7 56. Rf4 Qb7 57. Rxh4 e5 58. Qe2 Rbg6 59. Rf3 d3 60. Qf2 d2,e4,c5,Nf3,e6,d4,cxd4,Nxd4,Nc6,Nc3,a6,Nxc6,bxc6,Bd3,d5,O-O,Nf6,Re1,Be7,e5,Nd7
"Efimenko,Z",Ningbo CHN,0.5,Sicilian Defense: Taimanov Variation,1. e4 c5 2. Nf3 e6 3. d4 cxd4 4. Nxd4 Nc6 5. Nc3 a6 6. g3 d6 7. Bg2 Bd7 8. O-O Nf6 9. Nce2 Rc8 10. b3 b5 11. Nxc6 Bxc6 12. Qd3 Be7 13. Nd4 Bd7 14. a4 Qa5 15. Bd2 b4 16. Rfc1 e5 17. Nf5 Bxf5 18. exf5 d5 19. c3 O-O 20. cxb4 Bxb4 21. Rxc8 Rxc8 22. Bxb4 Qxb4 23. Qxa6 Qc3 24. Qf1 e4 25. a5 e3 26. fxe3 Qxe3+ 27. Kh1 Ng4 28. Re1 Nf2+ 29. Kg1 Nh3+ 30. Kh1 Nf2+ 31. Kg1,e4,c5,Nf3,e6,d4,cxd4,Nxd4,Nc6,Nc3,a6,g3,d6,Bg2,Bd7,O-O,Nf6,Nce2,Rc8,b3,b5
"Dominguez Perez,L",Khanty-Mansiysk RUS,1.0,Sicilian Defense: Godiva Variation,1. e4 c5 2. Nf3 Nc6 3. d4 cxd4 4. Nxd4 Qb6 5. Nb3 Nf6 6. Nc3 e6 7. Bg5 a6 8. Qf3 Be7 9. Qg3 d6 10. O-O-O O-O 11. Kb1 Rd8 12. f4 Qc7 13. Bd3 b5 14. Qh4 h6 15. Bxh6 gxh6 16. Qxh6 Ne8 17. e5 f5 18. Bxf5 exf5 19. Nd5 Bf8 20. Nxc7 Bxh6 21. Nxa8 Bxf4 22. exd6 Bxd6 23. Nb6 Be6 24. Nd5 Kf7 25. Ne3 Nf6 26. g3 Ng4 27. Nxg4 fxg4 28. Nd4 Nxd4 29. Rxd4 Bc7 30. Rf1+ Ke7 31. Re4 Rg8 32. a4 Bd6 33. axb5 axb5 34. Rf5 b4 35. Rh5 Rg6 36. h3 gxh3 37. Rxh3 Kd7 38. Rh7+ Kc6 39. b3 Bd5 40. Re3 Bxg3 41. Ra7 Rg4 42. Ra4 Bf4 43. Re1 Bd2 44. Rd1 Bc3 45. Ra6+ Kb7 46. Ra5 Be4 47. Ra4 Rg2 48. Ra2 Kb6 49. Rd6+ Kb5 50. Rd1 Bf3 51. Rf1 Kc5 52. Ra7 Be4 53. Rc1 Kb6 54. Ra2 Rg3 55. Rf1 Bg7 56. Kc1 Rg2 57. Kb1 Rd2 58. Kc1 Rh2 59. Kb1 Bc3 60. Rd1 Bf3 61. Rf1 Kc5 62. Ra7 Be4 63. Rc1 Kd4 64. Rd7+ Ke3 65. Re7 Rh6 66. Ra7 Bd2 67. Rg1 Kf2 68. Rd1 Ke2 69. Rg1 Be3 70. Re7 Rh4 71. Rg8 Bd4 72. Ka2 Kd2 73. Rd7 Bxc2 74. Rh8 Rxh8 75. Rxd4+ Bd3 76. Rxb4 Kc3 77. Ra4 Rh2+ 78. Ka3 Rb2 79. Rg4 Rxb3+ 80. Ka4 Rb1 81. Ka5 Rb5+ 82. Ka4 Rf5 83. Rg3 Rf4+ 84. Ka3 Rf1 85. Rg2 Rh1 86. Rb2 Ra1+ 87. Ra2 Rb1 88. Rg2 Rb3+ 89. Ka4 Rb4+ 90. Ka3 Rb6 91. Rg4 Ra6+ 92. Ra4 Rb6 93. Rg4 Rb7 94. Rh4 Rb1 95. Rh2 Rb6 96. Rh4 Bf1 97. Rg4 Rb5 98. Rg3+ Bd3 99. Rg4 Rb1 100. Rg2 Rb3+ 101. Ka4 Rb5 102. Rg4 Rf5 103. Ka3 Rf1 104. Rg2 Rb1 105. Rh2 Bf5 106. Rg2 Bd3 107. Rh2 Bf1 108. Rf2 Bc4 109. Rf3+ Bd3 110. Rf2 Rb3+ 111. Ka2 Rb6 112. Ka1 Rg6,e4,c5,Nf3,Nc6,d4,cxd4,Nxd4,Qb6,Nb3,Nf6,Nc3,e6,Bg5,a6,Qf3,Be7,Qg3,d6,O-O-O,O-O
"Dominguez Perez,L",Khanty-Mansiysk RUS,1.0,Sicilian Defense: Godiva Variation,1. e4 c5 2. Nf3 Nc6 3. d4 cxd4 4. Nxd4 Qb6 5. Nb3 Nf6 6. Nc3 e6 7. Bg5 a6 8. Qd2 Qc7 9. O-O-O b5 10. f3 Be7 11. Kb1 O-O 12. g4 Ne5 13. Bf4 b4 14. Ne2 Rd8 15. Ned4 Bb7 16. Qe1 Rac8 17. h4 d5 18. exd5 Rxd5 19. h5 Nxf3 20. Qg3 e5 21. Bg2 exf4 22. Qxf3 Rxd4 23. Nxd4 Bxf3 24. Bxf3 Nd7 25. Rhe1 Bf6 26. Nc6 Ne5 27. Nxe5 Qxc2+ 28. Ka1 Bxe5 29. Rb1 f6 30. Be4 Qd2 31. Bf5 Bxb2+,e4,c5,Nf3,Nc6,d4,cxd4,Nxd4,Qb6,Nb3,Nf6,Nc3,e6,Bg5,a6,Qd2,Qc7,O-O-O,b5,f3,Be7
"Svidler,P",Khanty-Mansiysk RUS,0.5,Sicilian Defense: Godiva Variation,1. e4 c5 2. Nf3 Nc6 3. d4 cxd4 4. Nxd4 Qb6 5. Nb3 Nf6 6. Bd3 e6 7. O-O Be7 8. c4 d5 9. cxd5 exd5 10. Nc3 Be6 11. exd5 Nxd5 12. Nxd5 Bxd5 13. Be3 Qb4 14. Qc2 Bxg2 15. Kxg2 Qg4+ 16. Kh1 Qf3+ 17. Kg1 Qg4+,e4,c5,Nf3,Nc6,d4,cxd4,Nxd4,Qb6,Nb3,Nf6,Bd3,e6,O-O,Be7,c4,d5,cxd5,exd5,Nc3,Be6
"Andriasian,Z",Warsaw POL,0.0,Sicilian Defense: Taimanov Variation,1. e4 c5 2. Nf3 e6 3. d4 cxd4 4. Nxd4 Nc6 5. Nc3 d6 6. Be3 a6 7. a4 Be7 8. Be2 Bd7 9. Nb3 Nf6 10. a5 O-O 11. O-O Rc8 12. Bb6 Qe8 13. f4 e5 14. Kh1 exf4 15. Rxf4 Be6 16. Nd5 Bxd5 17. exd5 Ne5 18. c3 Nfd7 19. Bg1 Bg5 20. Rb4 Rc7 21. Qf1 Qe7 22. Re1 g6 23. Bg4 Re8 24. Bxd7 Rxd7 25. Nd4 Qd8 26. Nb3 Rde7 27. Rbe4 f5 28. R4e2 Bh4 29. g3 Bf6 30. Bb6 Qc8 31. Nd4 Qc4 32. Qg2 Nd3 33. Rxe7 Rxe7 34. Re6 Ne1 35. b3 Qd3 36. Qe2 Qxe2 37. Rxe2 Rxe2 38. Nxe2 Kf7 39. c4 Ke7 40. Be3 Kd7 41. Kg1 Bd8 42. Bb6 Bf6 43. Kf2 Nd3+ 44. Ke3 Ne5 45. h3 Bg5+ 46. Nf4 Ke7 47. Ke2 Bf6 48. Ne6 Nf7 49. Ke3 Be5 50. Kf3 Bc3 51. Ke2 Bb2 52. Ke3 Bc1+ 53. Ke2 Bb2 54. Ke3 Be5 55. Kf3 g5 56. g4 f4 57. Ke4 Bf6 58. b4 Bc3 59. b5 Kd7 60. Nf8+ Ke7 61. Nxh7 Bb4 62. bxa6 bxa6 63. Bd4 Bxa5 64. Bf6+ Kd7 65. Nxg5 Bd8 66. Bxd8 Nxd8 67. Kxf4 a5 68. Ke4 a4 69. Kd3 Ke7 70. Kc3 Kf6 71. Ne6 Nf7 72. Kb4 Ne5 73. c5 dxc5+ 74. Kxa4 Nd3 75. Kb5 Ke7 76. g5 Nf2 77. h4 Kd6 78. g6 Ng4 79. g7 Nh6 80. Kc4 Ng8 81. Nxc5 Ke5 82. Ne6 Kd6 83. Kd4 Nf6 84. h5 Ng8 85. Ke4 Nh6 86. Nd4,e4,c5,Nf3,e6,d4,cxd4,Nxd4,Nc6,Nc3,d6,Be3,a6,a4,Be7,Be2,Bd7,Nb3,Nf6,a5,O-O
Hou Yifan,Caleta ENG,0.0,Sicilian Defense: Taimanov Variation,1. e4 c5 2. Nf3 e6 3. d4 cxd4 4. Nxd4 Nc6 5. Nc3 a6 6. Be2 Nge7 7. Bf4 Ng6 8. Nxc6 bxc6 9. Bd6 Bxd6 10. Qxd6 Qe7 11. O-O-O Qxd6 12. Rxd6 Ke7 13. Rhd1 Nf4 14. Bf3 Rb8 15. R6d2 g5 16. Na4 d5 17. g3 Ng6 18. Re1 Kf6 19. Bh5 Rb4 20. Nc3 d4 21. e5+ Nxe5 22. Ne4+ Ke7 23. Nxg5 h6 24. Nxe6 Bxe6 25. Rxe5 Rd8 26. f4 Rb5 27. Rde2 Kf6 28. Bf3 c5 29. a4 Rb4 30. Rxc5 Rxa4 31. b3 Rb4 32. Be4 Bg4 33. Re1 Rd6 34. Bd3 Bd7 35. Ree5 Be6 36. Kd2 Rbb6 37. Ra5 Rbc6 38. Ra4 Rb6 39. Re4 Bf5 40. Rexd4 Re6 41. Bc4 Rec6 42. Ra5 Bc8 43. Bd3 Be6 44. Rd8 Bc8 45. Rad5 Be6 46. Rh5 Kg7 47. f5,e4,c5,Nf3,e6,d4,cxd4,Nxd4,Nc6,Nc3,a6,Be2,Nge7,Bf4,Ng6,Nxc6,bxc6,Bd6,Bxd6,Qxd6,Qe7
"Nakamura,Hi",London ENG,0.5,Trompowsky Attack,1. d4 Nf6 2. Bg5 Ne4 3. Bf4 d5 4. e3 c5 5. Bd3 Nc6 6. Bxe4 dxe4 7. d5 e5 8. Bg3 Ne7 9. Nc3 f6 10. Qd2 Bf5 11. f3 Nc8 12. f4 exf4 13. Bxf4 Nd6 14. Nge2 Nc4 15. Qc1 Bd6 16. O-O Bg6 17. Ng3 Qe7 18. b3 Be5 19. Bxe5 Qxe5 20. Ncxe4 Nb6 21. Nxc5 Nxd5 22. Nd3 Bxd3 23. cxd3 O-O 24. e4 Qd4+ 25. Kh1 Rac8 26. Qd2 Ne3 27. Rfc1 Ng4 28. h3 Qxd3 29. Qf4 Qe3 30. Qxe3 Nxe3 31. Rxc8 Rxc8 32. Re1 Rc3 33. e5 Nc2 34. Rc1 fxe5 35. Nf5 b5 36. Ne3 Rxe3 37. Rxc2 Re1+ 38. Kh2 Ra1 39. Kg3 a5 40. Rc5 Rxa2 41. Rxb5 Ra3 42. Kf2 e4 43. b4 a4 44. Re5 e3+ 45. Kf3 Rb3 46. b5 a3 47. Re8+ Kf7 48. Ra8 Kf6 49. b6 Kg5 50. Ra5+ Kf6 51. b7 Rxb7 52. Rxa3 h5,d4,Nf6,Bg5,Ne4,Bf4,d5,e3,c5,Bd3,Nc6,Bxe4,dxe4,d5,e5,Bg3,Ne7,Nc3,f6,Qd2,Bf5
"Ter Sahakyan,S",Yerevan ARM,0.0,"Sicilian Defense: Taimanov Variation, Bastrikov Variation, English Attack",1. e4 c5 2. Nf3 Nc6 3. d4 cxd4 4. Nxd4 e6 5. Nc3 Qc7 6. Be3 a6 7. Qd2 Nf6 8. O-O-O Be7 9. f3 b5 10. g4 Nxd4 11. Bxd4 Bb7 12. g5 Nh5 13. Be5 Qxe5 14. Qxd7+ Kf8 15. Qxb7 Bxg5+ 16. Kb1 Qb8 17. Rd7 Qxb7 18. Rxb7 Bf6 19. a4 Bxc3 20. bxc3 bxa4 21. Bxa6 g5 22. Bb5 Kg7 23. Rd1 Rhb8 24. Rxb8 Rxb8 25. c4 Nf4 26. Kb2 Ng6 27. Ka3 Ne5 28. Kxa4 Nxf3 29. c5 Ne5 30. c6 Rc8 31. Rd6 Kf6 32. Kb4 g4 33. Kc5 Ke7 34. Rd1 h5 35. Kb6 Rb8+ 36. Kc5 Rc8 37. Kb6 Rb8+ 38. Ka6 Nxc6 39. Bxc6 Rb2 40. Ba4 Rb4 41. Bb5 Rxe4 42. Rc1 h4 43. c4 Re2 44. c5 Rxh2 45. c6 Rd2 46. c7 Rd8 47. cxd8=Q+ Kxd8 48. Be2 f5 49. Rc4 Kd7 50. Bxg4 fxg4 51. Rxg4 Kc6 52. Ka5 Kd5,e4,c5,Nf3,Nc6,d4,cxd4,Nxd4,e6,Nc3,Qc7,Be3,a6,Qd2,Nf6,O-O-O,Be7,f3,b5,g4,Nxd4
"Nakamura,Hi",Dubai UAE,0.0,Trompowsky Attack,1. d4 Nf6 2. Bg5 Ne4 3. Bf4 d5 4. e3 c5 5. Bd3 Nc6 6. Bxe4 dxe4 7. d5 Nb4 8. Nc3 e6 9. d6 g5 10. Be5 f6 11. Qh5+ Kd7 12. Qf7+ Kc6 13. Bxf6 Nxc2+ 14. Kd2 Qxd6+ 15. Kxc2 Qd3+ 16. Kc1 Qf1+ 17. Nd1 Qc4+ 18. Bc3 Bd6 19. b3 Qf1 20. Bxh8 Bd7 21. Nf3 Qxg2 22. Rg1 Qxf3 23. Qxf3 exf3 24. Bc3 Rg8 25. Nb2 h5 26. h3 b5 27. Nd3 Kd5 28. Rd1 Ke4 29. Nxc5+ Bxc5 30. Rxd7 g4 31. hxg4 hxg4 32. Bd4 Ba3+ 33. Kd2 Bb4+ 34. Bc3 Bc5 35. b4 Bb6 36. Rh1 Rg5 37. Rh6 e5 38. Rf7 Kd5 39. Kd3 e4+ 40. Kc2,d4,Nf6,Bg5,Ne4,Bf4,d5,e3,c5,Bd3,Nc6,Bxe4,dxe4,d5,Nb4,Nc3,e6,d6,g5,Be5,f6
"Karjakin,Sergey",Dubai UAE,1.0,"Sicilian Defense: Taimanov Variation, Bastrikov Variation, English Attack",1. e4 c5 2. Nf3 e6 3. d4 cxd4 4. Nxd4 Nc6 5. Nc3 Qc7 6. Be3 a6 7. Qd2 Nf6 8. O-O-O Bb4 9. f3 O-O 10. g4 b5 11. g5 Ne8 12. Kb1 Bb7 13. a3 Be7 14. Nb3 Rd8 15. Qf2 Rb8 16. h4 b4 17. axb4 Bxb4 18. Bb6 Qc8 19. Na4 Ne5 20. Bd4 Nc6 21. Bc5 d6 22. Bxb4 Nxb4 23. h5 f5 24. gxf6 Nxf6 25. Qd2 Bxe4 26. fxe4 Nxe4 27. Qg2 Nf2 28. Nc3 Nxh1 29. Qxh1 Rf2 30. Bh3 Nxc2 31. Qe4 Na3+ 32. Ka1 Nc2+ 33. Ka2 Nb4+ 34. Kb1 Kh8 35. Bxe6 Qf8 36. h6 d5 37. Qd4 Rf6 38. hxg7+ Qxg7 39. Bxd5 Nxd5 40. Nxd5 Rd6 41. Qxg7+ Kxg7 42. Kc2 Rc8+ 43. Nc3 Rxd1 44. Kxd1 h5 45. Nd2 h4 46. Ke2 Rf8 47. Nf3 h3 48. Nd1 Kg6 49. Nf2 Rh8 50. Kf1 Kf5 51. Kg1 Kf4 52. Nd2 Rg8+ 53. Kh1 Ke3 54. Nfe4 Rg2 55. Nc5 Rxd2 56. Nxa6 Kf3 57. Nc5 Rxb2 58. Kg1 Re2,e4,c5,Nf3,e6,d4,cxd4,Nxd4,Nc6,Nc3,Qc7,Be3,a6,Qd2,Nf6,O-O-O,Bb4,f3,O-O,g4,b5
Le Quang Liem,Dubai UAE,0.5,Trompowsky Attack,1. d4 Nf6 2. Bg5 Ne4 3. Bf4 c5 4. f3 Qa5+ 5. c3 Nf6 6. Nd2 cxd4 7. Nb3 Qd8 8. cxd4 e6 9. e4 d5 10. e5 Nfd7 11. Bd3 Bb4+ 12. Bd2 Nc6 13. f4 Qb6 14. Nf3 a5 15. Bxb4 Qxb4+ 16. Qd2 a4 17. Nc1 b6 18. Ne2 Ba6 19. Bxa6 Rxa6 20. Rc1 Qxd2+ 21. Kxd2 b5 22. Nc3 Ke7 23. Nxb5 Rb8 24. Nd6 Rxb2+ 25. Rc2 Rxc2+ 26. Kxc2 Nb4+ 27. Kd2 Nxa2 28. Rb1 a3 29. Ne1 Rc6 30. Rb3 Ra6 31. Nc2 Ra4 32. Rb7 Ra6 33. g4 f6 34. h4 fxe5 35. fxe5 Kd8 36. Rb3 Nb6 37. Nxa3 Kc7 38. Kc2 Ra4 39. Kb2 Nb4 40. Rc3+ Nc6 41. Nab5+ Kd7 42. Rf3 Nc4+ 43. Kb3 Nd2+ 44. Kxa4 Nxf3 45. Nb7 Nfxd4 46. Nc5+ Ke7 47. Nxd4 Nxd4 48. Nd3 Nf3 49. h5 h6 50. Kb4 Nh2 51. Nf2 Nf3 52. Nd3 g6 53. hxg6 Nh4 54. Nf4 Nf3 55. Nd3 Kf8 56. Kc5 Kg7 57. Kd6 Ng5 58. Nf4 d4 59. Kc5 d3 60. Nxd3 Kxg6 61. Kd6 Kf7 62. Nc5 Nf3 63. Nxe6 Nh2 64. Nf4 Nxg4 65. e6+ Ke8 66. Nd5 Kf8 67. Kc7 Nf6 68. Nxf6 Ke7 69. Ng8+ Kxe6 70. Nxh6 Ke5,d4,Nf6,Bg5,Ne4,Bf4,c5,f3,Qa5+,c3,Nf6,Nd2,cxd4,Nb3,Qd8,cxd4,e6,e4,d5,e5,Nfd7
"Guerrero,An",Tromso NOR,1.0,Sicilian Defense: Taimanov Variation,1. e4 c5 2. Nf3 e6 3. d4 cxd4 4. Nxd4 Nc6 5. Nc3 a6 6. f4 Nge7 7. Nf3 b5 8. a3 Bb7 9. Bd3 Ng6 10. O-O Qc7 11. Ng5 f6 12. Nh3 Bc5+ 13. Kh1 O-O-O 14. Qh5 Nce7 15. Qe2 e5 16. fxe5 Nxe5 17. Nf4 h5 18. a4 g5 19. axb5 gxf4 20. bxa6 Bc6 21. Bxf4 Rdg8 22. Bc4 Rg4 23. Nd5 Bxd5 24. Bxd5 Nxd5 25. exd5 Kb8 26. Rf3 Ka8 27. h3 Rhg8 28. d6 Qc6 29. hxg4 hxg4 30. Rc3 Rh8+ 31. Bh2 Qxd6 32. Qe4+ Nc6 33. g3 Rxh2+ 34. Kxh2 Qd2+,e4,c5,Nf3,e6,d4,cxd4,Nxd4,Nc6,Nc3,a6,f4,Nge7,Nf3,b5,a3,Bb7,Bd3,Ng6,O-O,Qc7
